INSERT [dbo].[AspNetRoles] ([Id], [ConcurrencyStamp], [Name], [NormalizedName], [RoleType]) VALUES (N'4b71d1ed-586b-4224-9a5f-d7fc6a8eb369', N'9a5ea92f-ebb9-42e8-ab18-610bc550b497', N'Manager', N'MANAGER', 2)
GO
INSERT [dbo].[AspNetRoles] ([Id], [ConcurrencyStamp], [Name], [NormalizedName], [RoleType]) VALUES (N'a828c6ab-a5a2-48ac-aca8-5866b40462da', N'34a38668-3f2f-4356-9c5f-ed8147edce0a', N'User', N'USER', 1)
GO
INSERT [dbo].[AspNetRoles] ([Id], [ConcurrencyStamp], [Name], [NormalizedName], [RoleType]) VALUES (N'f2d6caee-9520-42af-9193-caa0fa71b624', N'513418b7-8ba3-4bbb-aabb-17f6634d21ae', N'Disabled', N'DISABLED', 0)
GO
INSERT [dbo].[AspNetRoles] ([Id], [ConcurrencyStamp], [Name], [NormalizedName], [RoleType]) VALUES (N'f5f493db-2b9d-4a15-9a3d-f30a03236085', N'181e8a65-8756-4b7d-92eb-c992a0d4d02e', N'Admin', N'ADMIN', 3)
GO
INSERT [dbo].[AspNetUsers] ([Id], [AccessFailedCount], [ConcurrencyStamp], [Email], [EmailConfirmed], [FirstName], [LastName], [LockoutEnabled], [LockoutEnd], [NormalizedEmail], [NormalizedUserName], [PasswordHash], [PhoneNumber], [PhoneNumberConfirmed], [SecurityStamp], [TwoFactorEnabled], [UserName]) VALUES (N'010da41f-90e4-459a-b9b7-0c3f7f7f0a5a', 0, N'c2daecb5-3f20-4a32-b6d9-fded6f5e000d', N'testuser26@gmail.com', 0, N'Test', N'User 26', 1, NULL, N'TESTUSER26@GMAIL.COM', N'TESTUSER26@GMAIL.COM', N'AQAAAAEAACcQAAAAEGs60gPW/i0WSdv+jKMT4jz473WB6mTTsvpHgaLItH3w3+0axkW15y7SW/i7jONLSQ==', NULL, 0, N'e4478fb1-668d-4eac-8446-2390ddb9d7dc', 0, N'testuser26@gmail.com')
GO
INSERT [dbo].[AspNetUsers] ([Id], [AccessFailedCount], [ConcurrencyStamp], [Email], [EmailConfirmed], [FirstName], [LastName], [LockoutEnabled], [LockoutEnd], [NormalizedEmail], [NormalizedUserName], [PasswordHash], [PhoneNumber], [PhoneNumberConfirmed], [SecurityStamp], [TwoFactorEnabled], [UserName]) VALUES (N'02556b7a-b0dd-4bc0-8394-a14b7a84f32e', 0, N'a730ef25-f811-4de9-a10d-43bf9b10d689', N'testuser99@gmail.com', 0, N'Test', N'User 99', 1, NULL, N'TESTUSER99@GMAIL.COM', N'TESTUSER99@GMAIL.COM', N'AQAAAAEAACcQAAAAEAzMlsJ3afYmnYdn7GpgRT7qrz+LCHE/8t0DkkH2fxavoIia1is4VkaEse13maY/5Q==', NULL, 0, N'8ba1167c-13d8-4230-90f2-5ffa6e2ee9b5', 0, N'testuser99@gmail.com')
GO
INSERT [dbo].[AspNetUsers] ([Id], [AccessFailedCount], [ConcurrencyStamp], [Email], [EmailConfirmed], [FirstName], [LastName], [LockoutEnabled], [LockoutEnd], [NormalizedEmail], [NormalizedUserName], [PasswordHash], [PhoneNumber], [PhoneNumberConfirmed], [SecurityStamp], [TwoFactorEnabled], [UserName]) VALUES (N'03e92ea2-9434-4bf1-8941-fcf36617d06e', 0, N'80830bc7-ff8e-46c0-bfea-bc1b53af4c8b', N'testuser61@gmail.com', 0, N'Test', N'User 61', 1, NULL, N'TESTUSER61@GMAIL.COM', N'TESTUSER61@GMAIL.COM', N'AQAAAAEAACcQAAAAEI9n8IAMplZ9mukSLcMvZeEqgbV6+0LH8vF4/KOZNIDp/8pu0a75rXJRdABVgkyH6g==', NULL, 0, N'9ca1714e-2db0-496d-bf69-8a3d2ff19321', 0, N'testuser61@gmail.com')
GO
INSERT [dbo].[AspNetUsers] ([Id], [AccessFailedCount], [ConcurrencyStamp], [Email], [EmailConfirmed], [FirstName], [LastName], [LockoutEnabled], [LockoutEnd], [NormalizedEmail], [NormalizedUserName], [PasswordHash], [PhoneNumber], [PhoneNumberConfirmed], [SecurityStamp], [TwoFactorEnabled], [UserName]) VALUES (N'06d48b24-3878-4b34-ae40-c20bd5c40b7b', 0, N'91a70c00-326e-41ba-a9ae-cb4032cc65bc', N'testuser21@gmail.com', 0, N'Test', N'User 21', 1, NULL, N'TESTUSER21@GMAIL.COM', N'TESTUSER21@GMAIL.COM', N'AQAAAAEAACcQAAAAEN2kmLyVTvC2qqTgKxNSzvl/53zDfv9zVLieksTHnEWbbU9/f8LUDvHQ1mg8TJZD8A==', NULL, 0, N'32329544-3ccc-4666-ab04-95e1b3d07ab4', 0, N'testuser21@gmail.com')
GO
INSERT [dbo].[AspNetUsers] ([Id], [AccessFailedCount], [ConcurrencyStamp], [Email], [EmailConfirmed], [FirstName], [LastName], [LockoutEnabled], [LockoutEnd], [NormalizedEmail], [NormalizedUserName], [PasswordHash], [PhoneNumber], [PhoneNumberConfirmed], [SecurityStamp], [TwoFactorEnabled], [UserName]) VALUES (N'0bc9ccc3-7645-47f2-b971-24326784220b', 0, N'c644e930-6586-4dc5-8681-52bdb1c0dd54', N'testuser40@gmail.com', 0, N'Test', N'User 40', 1, NULL, N'TESTUSER40@GMAIL.COM', N'TESTUSER40@GMAIL.COM', N'AQAAAAEAACcQAAAAEBit9B1WVnSDc5ecdSvHCTIvHnn8oRxY9ycHAw0f3VcZvA+luZ+PHysiVnE0IGx3zg==', NULL, 0, N'd7e54fc3-db80-4ecc-947d-9afaa4ba195c', 0, N'testuser40@gmail.com')
GO
INSERT [dbo].[AspNetUsers] ([Id], [AccessFailedCount], [ConcurrencyStamp], [Email], [EmailConfirmed], [FirstName], [LastName], [LockoutEnabled], [LockoutEnd], [NormalizedEmail], [NormalizedUserName], [PasswordHash], [PhoneNumber], [PhoneNumberConfirmed], [SecurityStamp], [TwoFactorEnabled], [UserName]) VALUES (N'0ece335b-5411-4ae2-af01-95bedf178964', 0, N'cd1313e2-0dd4-4cb2-8f8b-b42e62825e77', N'testuser87@gmail.com', 0, N'Test', N'User 87', 1, NULL, N'TESTUSER87@GMAIL.COM', N'TESTUSER87@GMAIL.COM', N'AQAAAAEAACcQAAAAEPw70cJLttAqtm6Tas271/GLVsQ3H7yJSHvLSN0TArjh94PrkV3wp+5AMF8F9LK8kQ==', NULL, 0, N'16520fc6-5d26-41e1-ae94-40926d4723a3', 0, N'testuser87@gmail.com')
GO
INSERT [dbo].[AspNetUsers] ([Id], [AccessFailedCount], [ConcurrencyStamp], [Email], [EmailConfirmed], [FirstName], [LastName], [LockoutEnabled], [LockoutEnd], [NormalizedEmail], [NormalizedUserName], [PasswordHash], [PhoneNumber], [PhoneNumberConfirmed], [SecurityStamp], [TwoFactorEnabled], [UserName]) VALUES (N'101d18ae-02e0-4359-8d65-23bb31cc8fc9', 0, N'0401ec35-2ead-4df9-9caa-7fda101e30a2', N'testuser82@gmail.com', 0, N'Test', N'User 82', 1, NULL, N'TESTUSER82@GMAIL.COM', N'TESTUSER82@GMAIL.COM', N'AQAAAAEAACcQAAAAEOQt23WAN8bxFiGc/B5bvt4FANdaXLhI6V56HrGpisFdGe0g0jP1f0gVQ+InJBF9Fg==', NULL, 0, N'fb7796a6-71d0-4541-890e-39e465ae0b58', 0, N'testuser82@gmail.com')
GO
INSERT [dbo].[AspNetUsers] ([Id], [AccessFailedCount], [ConcurrencyStamp], [Email], [EmailConfirmed], [FirstName], [LastName], [LockoutEnabled], [LockoutEnd], [NormalizedEmail], [NormalizedUserName], [PasswordHash], [PhoneNumber], [PhoneNumberConfirmed], [SecurityStamp], [TwoFactorEnabled], [UserName]) VALUES (N'11459927-47a7-44e8-8477-86e814fd73bb', 0, N'e417a990-d011-461c-bb40-074b12bad9ea', N'testuser84@gmail.com', 0, N'Test', N'User 84', 1, NULL, N'TESTUSER84@GMAIL.COM', N'TESTUSER84@GMAIL.COM', N'AQAAAAEAACcQAAAAEL/1qGjq/IP456fbeiQEDoUqqnwcDjHUyhCCH+T3yJBp+hRiFVN7ls2gvavh8edQJQ==', NULL, 0, N'f61dd316-00f3-4e90-8232-d56aaf8d3853', 0, N'testuser84@gmail.com')
GO
INSERT [dbo].[AspNetUsers] ([Id], [AccessFailedCount], [ConcurrencyStamp], [Email], [EmailConfirmed], [FirstName], [LastName], [LockoutEnabled], [LockoutEnd], [NormalizedEmail], [NormalizedUserName], [PasswordHash], [PhoneNumber], [PhoneNumberConfirmed], [SecurityStamp], [TwoFactorEnabled], [UserName]) VALUES (N'11703580-24fd-4471-a3c0-e1d6c095e8d5', 0, N'075d6a05-e35a-45ed-918d-6cc1efe059a6', N'testmanager1@gmail.com', 0, N'Test', N'Manager 1', 1, NULL, N'TESTMANAGER1@GMAIL.COM', N'TESTMANAGER1@GMAIL.COM', N'AQAAAAEAACcQAAAAELLiOUdfpgir+p/+N316JHh9waEm4WZKZ3KxPzDiZ2JpRxEpnFy8TTrsMmwGTxiB9A==', NULL, 0, N'dfcfe388-23a5-44fa-baea-335192cc9ccd', 0, N'testmanager1@gmail.com')
GO
INSERT [dbo].[AspNetUsers] ([Id], [AccessFailedCount], [ConcurrencyStamp], [Email], [EmailConfirmed], [FirstName], [LastName], [LockoutEnabled], [LockoutEnd], [NormalizedEmail], [NormalizedUserName], [PasswordHash], [PhoneNumber], [PhoneNumberConfirmed], [SecurityStamp], [TwoFactorEnabled], [UserName]) VALUES (N'15a46db0-758d-4746-9b01-704865cf9b56', 0, N'797a4126-f322-4b8b-a7df-89b3a58d089d', N'testuser35@gmail.com', 0, N'Test', N'User 35', 1, NULL, N'TESTUSER35@GMAIL.COM', N'TESTUSER35@GMAIL.COM', N'AQAAAAEAACcQAAAAEPGgC7gsWDS/mCIoZru72HOmwHdD7s3+fMrkjv6BGpfX5+c8bgo/HMSHVvch0vwGow==', NULL, 0, N'1d8000d3-2d2f-4dba-9a2b-39990166dc93', 0, N'testuser35@gmail.com')
GO
INSERT [dbo].[AspNetUsers] ([Id], [AccessFailedCount], [ConcurrencyStamp], [Email], [EmailConfirmed], [FirstName], [LastName], [LockoutEnabled], [LockoutEnd], [NormalizedEmail], [NormalizedUserName], [PasswordHash], [PhoneNumber], [PhoneNumberConfirmed], [SecurityStamp], [TwoFactorEnabled], [UserName]) VALUES (N'1a5d1528-7795-4df6-aab5-2fc8b7d782f2', 0, N'4d9821c2-a323-4e4a-a3f7-e28abcf6b9e5', N'testuser33@gmail.com', 0, N'Test', N'User 33', 1, NULL, N'TESTUSER33@GMAIL.COM', N'TESTUSER33@GMAIL.COM', N'AQAAAAEAACcQAAAAEDDz6kNP3I+eG+74uoxFz9d9CHJf4rUcxWoF4uwO3Zx5OfUllT8W7/kObCYGbx9O5w==', NULL, 0, N'f39ef500-3d2a-4ab0-9018-35566ce002f3', 0, N'testuser33@gmail.com')
GO
INSERT [dbo].[AspNetUsers] ([Id], [AccessFailedCount], [ConcurrencyStamp], [Email], [EmailConfirmed], [FirstName], [LastName], [LockoutEnabled], [LockoutEnd], [NormalizedEmail], [NormalizedUserName], [PasswordHash], [PhoneNumber], [PhoneNumberConfirmed], [SecurityStamp], [TwoFactorEnabled], [UserName]) VALUES (N'1f364ed7-dd0d-4693-b744-fa062a33af92', 0, N'bcde6f83-42dd-49a9-89e0-d84a72e32c21', N'testuser19@gmail.com', 0, N'Test', N'User 19', 1, NULL, N'TESTUSER19@GMAIL.COM', N'TESTUSER19@GMAIL.COM', N'AQAAAAEAACcQAAAAEP8roTcOPm2Lkt/Jt4tSsKryyXWEh5VXB00qsq3bDgY4BO/KU8wv3VtMtrgrJe+PQw==', NULL, 0, N'427373f4-2b0f-4d79-a0cb-eff4ac519422', 0, N'testuser19@gmail.com')
GO
INSERT [dbo].[AspNetUsers] ([Id], [AccessFailedCount], [ConcurrencyStamp], [Email], [EmailConfirmed], [FirstName], [LastName], [LockoutEnabled], [LockoutEnd], [NormalizedEmail], [NormalizedUserName], [PasswordHash], [PhoneNumber], [PhoneNumberConfirmed], [SecurityStamp], [TwoFactorEnabled], [UserName]) VALUES (N'1f655304-b5a2-4ab3-be84-09050b243756', 0, N'21fe779d-2968-4e6b-8d97-c494314643ff', N'testuser27@gmail.com', 0, N'Test', N'User 27', 1, NULL, N'TESTUSER27@GMAIL.COM', N'TESTUSER27@GMAIL.COM', N'AQAAAAEAACcQAAAAEImr596+pum1S+vxQXRd40VIM4xZsR/rRa27ezvad6oZIX/mHo4Kig+pWXAo0ii+2w==', NULL, 0, N'69878c0c-3803-4c14-815e-dd01813a0905', 0, N'testuser27@gmail.com')
GO
INSERT [dbo].[AspNetUsers] ([Id], [AccessFailedCount], [ConcurrencyStamp], [Email], [EmailConfirmed], [FirstName], [LastName], [LockoutEnabled], [LockoutEnd], [NormalizedEmail], [NormalizedUserName], [PasswordHash], [PhoneNumber], [PhoneNumberConfirmed], [SecurityStamp], [TwoFactorEnabled], [UserName]) VALUES (N'1f922520-fa20-496b-b6e8-6c52acbe1175', 0, N'350c5b36-892f-41d8-9074-28e7b6476f39', N'testmanager2@gmail.com', 0, N'Test', N'Manager 2', 1, NULL, N'TESTMANAGER2@GMAIL.COM', N'TESTMANAGER2@GMAIL.COM', N'AQAAAAEAACcQAAAAEGESe6YjdVgsB45hKHyZYj+JZklRj0LeY7912pn35mYGUo8Vqq0H6WuPC5Pa4yz45w==', NULL, 0, N'87e2fcf7-b953-4243-869b-c26517c153e3', 0, N'testmanager2@gmail.com')
GO
INSERT [dbo].[AspNetUsers] ([Id], [AccessFailedCount], [ConcurrencyStamp], [Email], [EmailConfirmed], [FirstName], [LastName], [LockoutEnabled], [LockoutEnd], [NormalizedEmail], [NormalizedUserName], [PasswordHash], [PhoneNumber], [PhoneNumberConfirmed], [SecurityStamp], [TwoFactorEnabled], [UserName]) VALUES (N'1faeca82-5061-4984-8ada-1010841047bd', 0, N'1dd75846-e540-494b-bac2-6d75eeb670e3', N'testuser63@gmail.com', 0, N'Test', N'User 63', 1, NULL, N'TESTUSER63@GMAIL.COM', N'TESTUSER63@GMAIL.COM', N'AQAAAAEAACcQAAAAEPa0R4BWY+R5efwiYmoYmh+XahJNJfvgoxxdl0mJtKfOLxVfUMDc+/NYQ232zjECQA==', NULL, 0, N'2b806c52-833b-459b-b42e-c8b2159d1eb2', 0, N'testuser63@gmail.com')
GO
INSERT [dbo].[AspNetUsers] ([Id], [AccessFailedCount], [ConcurrencyStamp], [Email], [EmailConfirmed], [FirstName], [LastName], [LockoutEnabled], [LockoutEnd], [NormalizedEmail], [NormalizedUserName], [PasswordHash], [PhoneNumber], [PhoneNumberConfirmed], [SecurityStamp], [TwoFactorEnabled], [UserName]) VALUES (N'26e98f1f-a6b2-46da-9adf-7364519a6dc6', 0, N'b03709f0-d6bd-4fb9-9114-dc8dd3fec6a3', N'testuser29@gmail.com', 0, N'Test', N'User 29', 1, NULL, N'TESTUSER29@GMAIL.COM', N'TESTUSER29@GMAIL.COM', N'AQAAAAEAACcQAAAAEPbg9g8HvyutlfmqsXMsHMRaRnwjLfvsyGeZYlVWcjaVIE8tjjoFrCLNUWw74aOlRw==', NULL, 0, N'e041977a-1eca-4fb7-8d10-557cc235559a', 0, N'testuser29@gmail.com')
GO
INSERT [dbo].[AspNetUsers] ([Id], [AccessFailedCount], [ConcurrencyStamp], [Email], [EmailConfirmed], [FirstName], [LastName], [LockoutEnabled], [LockoutEnd], [NormalizedEmail], [NormalizedUserName], [PasswordHash], [PhoneNumber], [PhoneNumberConfirmed], [SecurityStamp], [TwoFactorEnabled], [UserName]) VALUES (N'279c292b-70d6-4742-a32c-3ca2c4ce965a', 0, N'e90e7556-df63-491b-ae08-e9486beec15b', N'testuser42@gmail.com', 0, N'Test', N'User 42', 1, NULL, N'TESTUSER42@GMAIL.COM', N'TESTUSER42@GMAIL.COM', N'AQAAAAEAACcQAAAAENxd0v/WX2MQjfp5aVYldizuW4PYaPpeH/nrp4zxRHzMYhHXvQ6O9DrjCsCwQuG0Vg==', NULL, 0, N'd7f43c9b-4db3-4408-8d40-fb5f90a6428a', 0, N'testuser42@gmail.com')
GO
INSERT [dbo].[AspNetUsers] ([Id], [AccessFailedCount], [ConcurrencyStamp], [Email], [EmailConfirmed], [FirstName], [LastName], [LockoutEnabled], [LockoutEnd], [NormalizedEmail], [NormalizedUserName], [PasswordHash], [PhoneNumber], [PhoneNumberConfirmed], [SecurityStamp], [TwoFactorEnabled], [UserName]) VALUES (N'27a0f623-29a3-4d18-83d2-2d37fa77e9b0', 0, N'234b5c43-a2c1-448d-b464-606c094fd6f6', N'testuser69@gmail.com', 0, N'Test', N'User 69', 1, NULL, N'TESTUSER69@GMAIL.COM', N'TESTUSER69@GMAIL.COM', N'AQAAAAEAACcQAAAAEH0E8bWQyUeRe3Lb6ReGUSurGdv0cGLcG5w+zCrvB7SsOixQGD4GVgfei5ntk5gTPg==', NULL, 0, N'c387525d-cd7f-42ff-871c-edd55bd03e80', 0, N'testuser69@gmail.com')
GO
INSERT [dbo].[AspNetUsers] ([Id], [AccessFailedCount], [ConcurrencyStamp], [Email], [EmailConfirmed], [FirstName], [LastName], [LockoutEnabled], [LockoutEnd], [NormalizedEmail], [NormalizedUserName], [PasswordHash], [PhoneNumber], [PhoneNumberConfirmed], [SecurityStamp], [TwoFactorEnabled], [UserName]) VALUES (N'290cf509-62d8-4d5d-ab08-e888331d80af', 0, N'f504a797-ecdd-4b02-87b5-2008ba966881', N'testuser1@gmail.com', 0, N'Test', N'User 1', 1, NULL, N'TESTUSER1@GMAIL.COM', N'TESTUSER1@GMAIL.COM', N'AQAAAAEAACcQAAAAEEBhJThPvA+5q1KreI/v/uwenbKDk7zfNZLgU/T4+BuuxEJjON91BJGcYVDHni9V2w==', NULL, 0, N'636ed161-cce6-4253-84b1-41059277af02', 0, N'testuser1@gmail.com')
GO
INSERT [dbo].[AspNetUsers] ([Id], [AccessFailedCount], [ConcurrencyStamp], [Email], [EmailConfirmed], [FirstName], [LastName], [LockoutEnabled], [LockoutEnd], [NormalizedEmail], [NormalizedUserName], [PasswordHash], [PhoneNumber], [PhoneNumberConfirmed], [SecurityStamp], [TwoFactorEnabled], [UserName]) VALUES (N'2e9760b2-b68c-47db-8043-9f3f7284bc50', 0, N'3b95c0f2-33da-46af-bafd-ddb0b007d911', N'testuser89@gmail.com', 0, N'Test', N'User 89', 1, NULL, N'TESTUSER89@GMAIL.COM', N'TESTUSER89@GMAIL.COM', N'AQAAAAEAACcQAAAAEOczxI0ACEf63iIveskZ6GnfWQf/eocIi13f40/CMjkR/fLGUUeeBnawII2fhwNPGw==', NULL, 0, N'bf00cfa8-e8fb-4a6e-b97e-705f5f48ef39', 0, N'testuser89@gmail.com')
GO
INSERT [dbo].[AspNetUsers] ([Id], [AccessFailedCount], [ConcurrencyStamp], [Email], [EmailConfirmed], [FirstName], [LastName], [LockoutEnabled], [LockoutEnd], [NormalizedEmail], [NormalizedUserName], [PasswordHash], [PhoneNumber], [PhoneNumberConfirmed], [SecurityStamp], [TwoFactorEnabled], [UserName]) VALUES (N'38c4f396-381d-463a-bc47-806d76d1b47f', 0, N'95b27939-fa2b-4a1a-b7d2-d3b88be48282', N'testuser50@gmail.com', 0, N'Test', N'User 50', 1, NULL, N'TESTUSER50@GMAIL.COM', N'TESTUSER50@GMAIL.COM', N'AQAAAAEAACcQAAAAEKHLRv4X2cUA7YD1C7HckHU7+sO1ki2BUX0LSHo8ydkjzTKdweQjoYBTulhXtUXbRQ==', NULL, 0, N'bd76e960-299b-48a8-b5c2-10e0985470f8', 0, N'testuser50@gmail.com')
GO
INSERT [dbo].[AspNetUsers] ([Id], [AccessFailedCount], [ConcurrencyStamp], [Email], [EmailConfirmed], [FirstName], [LastName], [LockoutEnabled], [LockoutEnd], [NormalizedEmail], [NormalizedUserName], [PasswordHash], [PhoneNumber], [PhoneNumberConfirmed], [SecurityStamp], [TwoFactorEnabled], [UserName]) VALUES (N'3a975466-bb5f-4651-ad2a-37eb14d61872', 0, N'4be522ca-8b2b-435d-97d6-50f4cbda5fdb', N'testuser18@gmail.com', 0, N'Test', N'User 18', 1, NULL, N'TESTUSER18@GMAIL.COM', N'TESTUSER18@GMAIL.COM', N'AQAAAAEAACcQAAAAECQAwom9rYSwrRDxXuzNVr2t2y9phIFSZa2vxDUSKjJkgQTr1TbxuaUanf0gU8Hniw==', NULL, 0, N'e17b3bcc-fb67-413c-8fe2-6c1b9855f5fe', 0, N'testuser18@gmail.com')
GO
INSERT [dbo].[AspNetUsers] ([Id], [AccessFailedCount], [ConcurrencyStamp], [Email], [EmailConfirmed], [FirstName], [LastName], [LockoutEnabled], [LockoutEnd], [NormalizedEmail], [NormalizedUserName], [PasswordHash], [PhoneNumber], [PhoneNumberConfirmed], [SecurityStamp], [TwoFactorEnabled], [UserName]) VALUES (N'3ab467bb-45b1-4c11-88c5-a49a9bb1e7e8', 0, N'8fe34240-83cc-4409-be36-7c4deb0f4111', N'testuser3@gmail.com', 0, N'Test', N'User 3', 1, NULL, N'TESTUSER3@GMAIL.COM', N'TESTUSER3@GMAIL.COM', N'AQAAAAEAACcQAAAAEDl5Inht0jvSJ2XhiUCcYC+2Wj4EU3+xsBQV7B/S2tmYHen9AJqGoT6bC/pCzqkVnA==', NULL, 0, N'e955aa19-9d19-4125-be67-6561e6b36253', 0, N'testuser3@gmail.com')
GO
INSERT [dbo].[AspNetUsers] ([Id], [AccessFailedCount], [ConcurrencyStamp], [Email], [EmailConfirmed], [FirstName], [LastName], [LockoutEnabled], [LockoutEnd], [NormalizedEmail], [NormalizedUserName], [PasswordHash], [PhoneNumber], [PhoneNumberConfirmed], [SecurityStamp], [TwoFactorEnabled], [UserName]) VALUES (N'3aff0aae-bcb8-4362-ab55-b975eadc21ee', 0, N'fceced3c-e0dc-47b7-9f8f-ece4dad8f016', N'testuser74@gmail.com', 0, N'Test', N'User 74', 1, NULL, N'TESTUSER74@GMAIL.COM', N'TESTUSER74@GMAIL.COM', N'AQAAAAEAACcQAAAAEBbQLZ7kUTQu51Vc43yE3VInlmuYnfTKIW3ww415/i6kLvInwosvNaBJIjaLX9bCHg==', NULL, 0, N'50d8acb5-0e69-4bc5-a8ea-5c16841648bc', 0, N'testuser74@gmail.com')
GO
INSERT [dbo].[AspNetUsers] ([Id], [AccessFailedCount], [ConcurrencyStamp], [Email], [EmailConfirmed], [FirstName], [LastName], [LockoutEnabled], [LockoutEnd], [NormalizedEmail], [NormalizedUserName], [PasswordHash], [PhoneNumber], [PhoneNumberConfirmed], [SecurityStamp], [TwoFactorEnabled], [UserName]) VALUES (N'3be0fb03-b5a7-463e-b7e4-61a207f3dd4d', 0, N'62b4a99f-cff5-4ad7-8c5f-ad0d4953efb2', N'testuser77@gmail.com', 0, N'Test', N'User 77', 1, NULL, N'TESTUSER77@GMAIL.COM', N'TESTUSER77@GMAIL.COM', N'AQAAAAEAACcQAAAAEAQeNwDCap9WExfryVEIqmaiMq4ufZC+KPUD9QUtWmJWbe61WRlMOpJQ0DtGdxTPHw==', NULL, 0, N'5e469238-071c-4495-9845-92ef231d65ac', 0, N'testuser77@gmail.com')
GO
INSERT [dbo].[AspNetUsers] ([Id], [AccessFailedCount], [ConcurrencyStamp], [Email], [EmailConfirmed], [FirstName], [LastName], [LockoutEnabled], [LockoutEnd], [NormalizedEmail], [NormalizedUserName], [PasswordHash], [PhoneNumber], [PhoneNumberConfirmed], [SecurityStamp], [TwoFactorEnabled], [UserName]) VALUES (N'3f083951-8793-4cea-acea-4b82f25c99e5', 0, N'923c4a0e-3b90-4254-921e-edc7e4589ee9', N'testuser51@gmail.com', 0, N'Test', N'User 51', 1, NULL, N'TESTUSER51@GMAIL.COM', N'TESTUSER51@GMAIL.COM', N'AQAAAAEAACcQAAAAEHMgMAEDB8sAMYu8HWZ2//uwKjDamtH72PS91OuZuQLZHC6jSv7wQf8ndpWCVWGVpA==', NULL, 0, N'1bef6520-eb86-418f-9133-9e4c78729a02', 0, N'testuser51@gmail.com')
GO
INSERT [dbo].[AspNetUsers] ([Id], [AccessFailedCount], [ConcurrencyStamp], [Email], [EmailConfirmed], [FirstName], [LastName], [LockoutEnabled], [LockoutEnd], [NormalizedEmail], [NormalizedUserName], [PasswordHash], [PhoneNumber], [PhoneNumberConfirmed], [SecurityStamp], [TwoFactorEnabled], [UserName]) VALUES (N'4021c958-c0bb-4b5e-809e-b661e6543d5d', 0, N'04909f46-2c53-43b1-b190-f770d2a21207', N'testuser60@gmail.com', 0, N'Test', N'User 60', 1, NULL, N'TESTUSER60@GMAIL.COM', N'TESTUSER60@GMAIL.COM', N'AQAAAAEAACcQAAAAEBTfOK5bUWGe3vRGFeZ5jTTQKS5kEpPuW3lPvTAx5116pFnzLyYlkCC7q7jy/WWZRA==', NULL, 0, N'6e608988-0082-4e33-a44e-10144df6c967', 0, N'testuser60@gmail.com')
GO
INSERT [dbo].[AspNetUsers] ([Id], [AccessFailedCount], [ConcurrencyStamp], [Email], [EmailConfirmed], [FirstName], [LastName], [LockoutEnabled], [LockoutEnd], [NormalizedEmail], [NormalizedUserName], [PasswordHash], [PhoneNumber], [PhoneNumberConfirmed], [SecurityStamp], [TwoFactorEnabled], [UserName]) VALUES (N'42439942-3187-472c-b1ea-eb8b840ead90', 0, N'8c6ad6fc-768c-448f-82a7-1d62e26e63a0', N'testuser25@gmail.com', 0, N'Test', N'User 25', 1, NULL, N'TESTUSER25@GMAIL.COM', N'TESTUSER25@GMAIL.COM', N'AQAAAAEAACcQAAAAEHn1oo09s9ywAxIv3fEt0t3vaJGO2ABf5C+C7K7lSqpkzRE4hN7NsqQjVK++OwEzhw==', NULL, 0, N'22fcf45a-5565-4a7d-bb56-2dd40126b8ec', 0, N'testuser25@gmail.com')
GO
INSERT [dbo].[AspNetUsers] ([Id], [AccessFailedCount], [ConcurrencyStamp], [Email], [EmailConfirmed], [FirstName], [LastName], [LockoutEnabled], [LockoutEnd], [NormalizedEmail], [NormalizedUserName], [PasswordHash], [PhoneNumber], [PhoneNumberConfirmed], [SecurityStamp], [TwoFactorEnabled], [UserName]) VALUES (N'44d98774-591a-4489-9a54-3fd22bdfacc5', 0, N'61969bc1-351d-425e-8710-8519c2df3ea7', N'testuser12@gmail.com', 0, N'Test', N'User 12', 1, NULL, N'TESTUSER12@GMAIL.COM', N'TESTUSER12@GMAIL.COM', N'AQAAAAEAACcQAAAAEAMa9TOeL2Suag3eqNwP29dV99dAwnULCWuqkHoFcE/TOtuokLM7RG8dPHvNLn9vCw==', NULL, 0, N'9318c004-8b6c-43d4-973c-f063a1af8afd', 0, N'testuser12@gmail.com')
GO
INSERT [dbo].[AspNetUsers] ([Id], [AccessFailedCount], [ConcurrencyStamp], [Email], [EmailConfirmed], [FirstName], [LastName], [LockoutEnabled], [LockoutEnd], [NormalizedEmail], [NormalizedUserName], [PasswordHash], [PhoneNumber], [PhoneNumberConfirmed], [SecurityStamp], [TwoFactorEnabled], [UserName]) VALUES (N'44e1e039-e967-4c4e-951b-fee1e3d2b401', 0, N'bf26e95d-d7cb-435d-92fb-4050d00ecfac', N'testuser2@gmail.com', 0, N'Test', N'User 2', 1, NULL, N'TESTUSER2@GMAIL.COM', N'TESTUSER2@GMAIL.COM', N'AQAAAAEAACcQAAAAEJhZTF/FFfD/EROjBD2sy3HXklYCPILlRtOslwMIB/ESJO0OaHuAPnf6xHEdlBEgNQ==', NULL, 0, N'0f63b613-e381-465d-84f9-08d2c24927af', 0, N'testuser2@gmail.com')
GO
INSERT [dbo].[AspNetUsers] ([Id], [AccessFailedCount], [ConcurrencyStamp], [Email], [EmailConfirmed], [FirstName], [LastName], [LockoutEnabled], [LockoutEnd], [NormalizedEmail], [NormalizedUserName], [PasswordHash], [PhoneNumber], [PhoneNumberConfirmed], [SecurityStamp], [TwoFactorEnabled], [UserName]) VALUES (N'450cca37-bca5-461d-9ff1-54959fad683c', 0, N'e2c7dc48-6152-4907-bde0-b02ed4494719', N'testuser96@gmail.com', 0, N'Test', N'User 96', 1, NULL, N'TESTUSER96@GMAIL.COM', N'TESTUSER96@GMAIL.COM', N'AQAAAAEAACcQAAAAEPc2kZhw+gAFFrq3u6gKePPvsBhA1DL+JXamvikUMorzA0fg7KdEgf3NOKGQUERnqQ==', NULL, 0, N'e1c245f8-041d-43df-80a3-8b62e8c791ec', 0, N'testuser96@gmail.com')
GO
INSERT [dbo].[AspNetUsers] ([Id], [AccessFailedCount], [ConcurrencyStamp], [Email], [EmailConfirmed], [FirstName], [LastName], [LockoutEnabled], [LockoutEnd], [NormalizedEmail], [NormalizedUserName], [PasswordHash], [PhoneNumber], [PhoneNumberConfirmed], [SecurityStamp], [TwoFactorEnabled], [UserName]) VALUES (N'4d689470-78ac-47ab-b111-c85de0c18626', 0, N'bd4dc01a-0d3b-4cca-9009-d81e7c4326cb', N'testuser92@gmail.com', 0, N'Test', N'User 92', 1, NULL, N'TESTUSER92@GMAIL.COM', N'TESTUSER92@GMAIL.COM', N'AQAAAAEAACcQAAAAEANAng4cyYvqrBIIjCzE4Ul7jgxfA9VYwzcQZasV91r4QatusAJlTJ8mIzHdVOM7XQ==', NULL, 0, N'b23755b7-1473-4500-82fd-af033bb6772a', 0, N'testuser92@gmail.com')
GO
INSERT [dbo].[AspNetUsers] ([Id], [AccessFailedCount], [ConcurrencyStamp], [Email], [EmailConfirmed], [FirstName], [LastName], [LockoutEnabled], [LockoutEnd], [NormalizedEmail], [NormalizedUserName], [PasswordHash], [PhoneNumber], [PhoneNumberConfirmed], [SecurityStamp], [TwoFactorEnabled], [UserName]) VALUES (N'51c5c669-3e0c-400d-ba61-d7de58eaa757', 0, N'ddabc598-7135-4627-9c93-52088a828cac', N'testuser64@gmail.com', 0, N'Test', N'User 64', 1, NULL, N'TESTUSER64@GMAIL.COM', N'TESTUSER64@GMAIL.COM', N'AQAAAAEAACcQAAAAEIrfx5QY/7uTWjBfHOIGVf3KN5DKzsnoJfMW3PFuE3P383/HCOmQQt+y+w59WsLgSQ==', NULL, 0, N'7b6c6802-c0e7-42af-9b09-151f18c5c2c5', 0, N'testuser64@gmail.com')
GO
INSERT [dbo].[AspNetUsers] ([Id], [AccessFailedCount], [ConcurrencyStamp], [Email], [EmailConfirmed], [FirstName], [LastName], [LockoutEnabled], [LockoutEnd], [NormalizedEmail], [NormalizedUserName], [PasswordHash], [PhoneNumber], [PhoneNumberConfirmed], [SecurityStamp], [TwoFactorEnabled], [UserName]) VALUES (N'5251fa93-dc55-4c3d-ab24-151cb8760332', 0, N'87281161-94aa-49c7-bba4-75bc7210a746', N'testuser31@gmail.com', 0, N'Test', N'User 31', 1, NULL, N'TESTUSER31@GMAIL.COM', N'TESTUSER31@GMAIL.COM', N'AQAAAAEAACcQAAAAEGzMxGK4cPeCVyxVqcRNvKQkmI0vxMLKM+6guohWVj6/Wtn9X7Xr27ypmqA/+TcmYw==', NULL, 0, N'177f4ff6-c0d2-49c4-8845-017788180577', 0, N'testuser31@gmail.com')
GO
INSERT [dbo].[AspNetUsers] ([Id], [AccessFailedCount], [ConcurrencyStamp], [Email], [EmailConfirmed], [FirstName], [LastName], [LockoutEnabled], [LockoutEnd], [NormalizedEmail], [NormalizedUserName], [PasswordHash], [PhoneNumber], [PhoneNumberConfirmed], [SecurityStamp], [TwoFactorEnabled], [UserName]) VALUES (N'52bc3a6e-e794-4f6c-a33a-e0da2b10ce3f', 0, N'2af12e6f-0661-4686-92b5-c880be98557d', N'testuser44@gmail.com', 0, N'Test', N'User 44', 1, NULL, N'TESTUSER44@GMAIL.COM', N'TESTUSER44@GMAIL.COM', N'AQAAAAEAACcQAAAAECjOpm6aliRa1SzIjR/0xeW77cx+Svyx35Fksa3siom2XTRLwHNi9kkKAXMKlqotrA==', NULL, 0, N'77546a6d-a67e-4c2f-bfd3-39a8048d14cf', 0, N'testuser44@gmail.com')
GO
INSERT [dbo].[AspNetUsers] ([Id], [AccessFailedCount], [ConcurrencyStamp], [Email], [EmailConfirmed], [FirstName], [LastName], [LockoutEnabled], [LockoutEnd], [NormalizedEmail], [NormalizedUserName], [PasswordHash], [PhoneNumber], [PhoneNumberConfirmed], [SecurityStamp], [TwoFactorEnabled], [UserName]) VALUES (N'551cf6e8-daf1-494f-865d-ce3647deea6c', 0, N'27065f09-27d9-45bc-b03b-f1b420726e90', N'testuser80@gmail.com', 0, N'Test', N'User 80', 1, NULL, N'TESTUSER80@GMAIL.COM', N'TESTUSER80@GMAIL.COM', N'AQAAAAEAACcQAAAAENA0IJ8kqusCbsFyw4wtkm6Fo/5z5kn40+5iKHI8Ws/dUAN6eWt5sGGPwQuvL5mTDQ==', NULL, 0, N'b93723e5-0442-496e-90bc-e61b53234782', 0, N'testuser80@gmail.com')
GO
INSERT [dbo].[AspNetUsers] ([Id], [AccessFailedCount], [ConcurrencyStamp], [Email], [EmailConfirmed], [FirstName], [LastName], [LockoutEnabled], [LockoutEnd], [NormalizedEmail], [NormalizedUserName], [PasswordHash], [PhoneNumber], [PhoneNumberConfirmed], [SecurityStamp], [TwoFactorEnabled], [UserName]) VALUES (N'56cb1a78-388c-4202-9b41-5ddcd4229810', 0, N'ea6f46ad-e161-415d-807a-c9ff06b73342', N'testuser53@gmail.com', 0, N'Test', N'User 53', 1, NULL, N'TESTUSER53@GMAIL.COM', N'TESTUSER53@GMAIL.COM', N'AQAAAAEAACcQAAAAECzmpNKYwU8bxZvChLzxJEAKlUTwe6+1UVY44QhbxLRUi7qdSzb+GpgUBbJZupjfnw==', NULL, 0, N'78035d16-aaa3-45e4-8d3e-81c5cf76901c', 0, N'testuser53@gmail.com')
GO
INSERT [dbo].[AspNetUsers] ([Id], [AccessFailedCount], [ConcurrencyStamp], [Email], [EmailConfirmed], [FirstName], [LastName], [LockoutEnabled], [LockoutEnd], [NormalizedEmail], [NormalizedUserName], [PasswordHash], [PhoneNumber], [PhoneNumberConfirmed], [SecurityStamp], [TwoFactorEnabled], [UserName]) VALUES (N'57b98ed9-ca61-4d1e-921f-7a0223714633', 0, N'1ba08691-c368-4c3a-bd6a-7d96adcac321', N'testuser97@gmail.com', 0, N'Test', N'User 97', 1, NULL, N'TESTUSER97@GMAIL.COM', N'TESTUSER97@GMAIL.COM', N'AQAAAAEAACcQAAAAEAqbSGdaKBE0mcoYc240+bBNobnnkmZUlODJC5j2pcSdeQcR0WPL4SfIViQr5F1v7Q==', NULL, 0, N'1e2c891d-ea23-4dfc-8ec6-31b7349817cf', 0, N'testuser97@gmail.com')
GO
INSERT [dbo].[AspNetUsers] ([Id], [AccessFailedCount], [ConcurrencyStamp], [Email], [EmailConfirmed], [FirstName], [LastName], [LockoutEnabled], [LockoutEnd], [NormalizedEmail], [NormalizedUserName], [PasswordHash], [PhoneNumber], [PhoneNumberConfirmed], [SecurityStamp], [TwoFactorEnabled], [UserName]) VALUES (N'60e1ec34-a2b8-4ad4-be7f-333e1419eea7', 0, N'5dc8d037-ec48-449d-8625-1a5eab617dd6', N'testuser67@gmail.com', 0, N'Test', N'User 67', 1, NULL, N'TESTUSER67@GMAIL.COM', N'TESTUSER67@GMAIL.COM', N'AQAAAAEAACcQAAAAECPVjUccq0hwifZECDCvrQp4+Fe6FTyMiBmNEqFEJLJpe8vBOQeiZ902xCG0+o0l4Q==', NULL, 0, N'd46afdd8-c664-4045-9670-6a3a745f7f10', 0, N'testuser67@gmail.com')
GO
INSERT [dbo].[AspNetUsers] ([Id], [AccessFailedCount], [ConcurrencyStamp], [Email], [EmailConfirmed], [FirstName], [LastName], [LockoutEnabled], [LockoutEnd], [NormalizedEmail], [NormalizedUserName], [PasswordHash], [PhoneNumber], [PhoneNumberConfirmed], [SecurityStamp], [TwoFactorEnabled], [UserName]) VALUES (N'61b4309f-3f30-4fa5-a75f-21e30838c1c5', 0, N'0da16fd4-132c-47ff-9d89-bca0a870efe0', N'testuser10@gmail.com', 0, N'Test', N'User 10', 1, NULL, N'TESTUSER10@GMAIL.COM', N'TESTUSER10@GMAIL.COM', N'AQAAAAEAACcQAAAAEJ5o47QUfGk5PMa0aPbmIjMwjz+t7ALRRPa/iaY3Zro52v8LjeC56yU3A5wbv2XkoQ==', NULL, 0, N'365e1352-a336-4894-9f57-608a90735594', 0, N'testuser10@gmail.com')
GO
INSERT [dbo].[AspNetUsers] ([Id], [AccessFailedCount], [ConcurrencyStamp], [Email], [EmailConfirmed], [FirstName], [LastName], [LockoutEnabled], [LockoutEnd], [NormalizedEmail], [NormalizedUserName], [PasswordHash], [PhoneNumber], [PhoneNumberConfirmed], [SecurityStamp], [TwoFactorEnabled], [UserName]) VALUES (N'626a8964-43c7-4353-9890-9eaed9fd2392', 0, N'5a4145a4-9847-4d8e-b59f-292db7b09654', N'testuser94@gmail.com', 0, N'Test', N'User 94', 1, NULL, N'TESTUSER94@GMAIL.COM', N'TESTUSER94@GMAIL.COM', N'AQAAAAEAACcQAAAAEMXzhz1zdEIsyPTbi4nsgLuUbBg88u3DD1/MZJ2Qnj6SzAfXVvDbxhVgd4HlTZRkWA==', NULL, 0, N'd96d99dd-a912-4e31-a2ed-9f959a5075bb', 0, N'testuser94@gmail.com')
GO
INSERT [dbo].[AspNetUsers] ([Id], [AccessFailedCount], [ConcurrencyStamp], [Email], [EmailConfirmed], [FirstName], [LastName], [LockoutEnabled], [LockoutEnd], [NormalizedEmail], [NormalizedUserName], [PasswordHash], [PhoneNumber], [PhoneNumberConfirmed], [SecurityStamp], [TwoFactorEnabled], [UserName]) VALUES (N'687ae72c-4ef9-4698-9985-b0e11f588c76', 0, N'725cfcda-7ff4-4228-909f-7c5c3109b4c9', N'testuser22@gmail.com', 0, N'Test', N'User 22', 1, NULL, N'TESTUSER22@GMAIL.COM', N'TESTUSER22@GMAIL.COM', N'AQAAAAEAACcQAAAAEJ5aAh1/krW+glxusiDqxp7QPS3HJ3K80NkV1nQjJrlWOM5o/1BtvrZ3O7oLWoV9IQ==', NULL, 0, N'07ffcc03-0e83-4f43-a019-923abb9df715', 0, N'testuser22@gmail.com')
GO
INSERT [dbo].[AspNetUsers] ([Id], [AccessFailedCount], [ConcurrencyStamp], [Email], [EmailConfirmed], [FirstName], [LastName], [LockoutEnabled], [LockoutEnd], [NormalizedEmail], [NormalizedUserName], [PasswordHash], [PhoneNumber], [PhoneNumberConfirmed], [SecurityStamp], [TwoFactorEnabled], [UserName]) VALUES (N'68c553af-daba-4b30-bd5d-0a6dcc111777', 0, N'310575d3-9af7-49b0-b023-085b028bfeab', N'testuser23@gmail.com', 0, N'Test', N'User 23', 1, NULL, N'TESTUSER23@GMAIL.COM', N'TESTUSER23@GMAIL.COM', N'AQAAAAEAACcQAAAAEK6F0i6CtculEAILVXiP0McPLs3ghZ9J0FUrfDDGvLVtgoRPGWu+OIAikrCPoS7CJA==', NULL, 0, N'901792bf-5538-4a91-b4e8-299ee8dfd55a', 0, N'testuser23@gmail.com')
GO
INSERT [dbo].[AspNetUsers] ([Id], [AccessFailedCount], [ConcurrencyStamp], [Email], [EmailConfirmed], [FirstName], [LastName], [LockoutEnabled], [LockoutEnd], [NormalizedEmail], [NormalizedUserName], [PasswordHash], [PhoneNumber], [PhoneNumberConfirmed], [SecurityStamp], [TwoFactorEnabled], [UserName]) VALUES (N'692c579d-7ba0-47c4-b61d-3fd312264d68', 0, N'485df1c8-942d-4c3c-a8c1-4c6e9666a642', N'testmanager0@gmail.com', 0, N'Test', N'Manager 0', 1, NULL, N'TESTMANAGER0@GMAIL.COM', N'TESTMANAGER0@GMAIL.COM', N'AQAAAAEAACcQAAAAEAnSEplA7VBw6FKznrBr46W53bsZCdK9G2Ks0h3tq9rsyl+PWwtUG/UEbJ6xbvzXCw==', NULL, 0, N'3cb24885-e5d0-4b15-adc3-f304deb79d89', 0, N'testmanager0@gmail.com')
GO
INSERT [dbo].[AspNetUsers] ([Id], [AccessFailedCount], [ConcurrencyStamp], [Email], [EmailConfirmed], [FirstName], [LastName], [LockoutEnabled], [LockoutEnd], [NormalizedEmail], [NormalizedUserName], [PasswordHash], [PhoneNumber], [PhoneNumberConfirmed], [SecurityStamp], [TwoFactorEnabled], [UserName]) VALUES (N'6b55c6d2-b4a5-4bb8-af9c-155b06d56291', 0, N'a7fcf9f6-e562-437f-bc41-4cf2d78fb72d', N'testuser52@gmail.com', 0, N'Test', N'User 52', 1, NULL, N'TESTUSER52@GMAIL.COM', N'TESTUSER52@GMAIL.COM', N'AQAAAAEAACcQAAAAEBIr9bmMcN477myyjj1ADMNGI5gR/kbC/pabcFMK5KvlJzr9J9no3qrkOpBLpcwNIA==', NULL, 0, N'0b05f4b9-48b9-4e16-830d-99bbc2bed61f', 0, N'testuser52@gmail.com')
GO
INSERT [dbo].[AspNetUsers] ([Id], [AccessFailedCount], [ConcurrencyStamp], [Email], [EmailConfirmed], [FirstName], [LastName], [LockoutEnabled], [LockoutEnd], [NormalizedEmail], [NormalizedUserName], [PasswordHash], [PhoneNumber], [PhoneNumberConfirmed], [SecurityStamp], [TwoFactorEnabled], [UserName]) VALUES (N'6fbaa11e-8378-4129-85bf-1b467c5810af', 0, N'0432d897-2262-4231-85d5-b639192d9dbb', N'testuser39@gmail.com', 0, N'Test', N'User 39', 1, NULL, N'TESTUSER39@GMAIL.COM', N'TESTUSER39@GMAIL.COM', N'AQAAAAEAACcQAAAAEGEqDs4rTXZwV1ekV5GlbREn9WAkqYtDNvjTjiB+BJHVvI3xZqo8y28QMZH4Oaj2Cw==', NULL, 0, N'cb4351ee-ceb1-48cf-9488-dbdf8171467b', 0, N'testuser39@gmail.com')
GO
INSERT [dbo].[AspNetUsers] ([Id], [AccessFailedCount], [ConcurrencyStamp], [Email], [EmailConfirmed], [FirstName], [LastName], [LockoutEnabled], [LockoutEnd], [NormalizedEmail], [NormalizedUserName], [PasswordHash], [PhoneNumber], [PhoneNumberConfirmed], [SecurityStamp], [TwoFactorEnabled], [UserName]) VALUES (N'737a59d3-3578-408e-878a-16e2735d6c07', 0, N'a477d4f5-8ccb-4969-bc9a-0857f75be9b3', N'testuser70@gmail.com', 0, N'Test', N'User 70', 1, NULL, N'TESTUSER70@GMAIL.COM', N'TESTUSER70@GMAIL.COM', N'AQAAAAEAACcQAAAAEO1xggCxVNlwYtceEG1vgt9m67rFJtWzxFDNXmPkpRZqWq4VaDNuHu08tJHpYzAKiw==', NULL, 0, N'a1220be0-5875-4ccb-bc4d-1bdca4c5aaed', 0, N'testuser70@gmail.com')
GO
INSERT [dbo].[AspNetUsers] ([Id], [AccessFailedCount], [ConcurrencyStamp], [Email], [EmailConfirmed], [FirstName], [LastName], [LockoutEnabled], [LockoutEnd], [NormalizedEmail], [NormalizedUserName], [PasswordHash], [PhoneNumber], [PhoneNumberConfirmed], [SecurityStamp], [TwoFactorEnabled], [UserName]) VALUES (N'758e205d-897c-483c-b30b-a9d050577087', 0, N'a86d4e0c-d674-4c2d-bd8e-ca52a05885cb', N'testuser90@gmail.com', 0, N'Test', N'User 90', 1, NULL, N'TESTUSER90@GMAIL.COM', N'TESTUSER90@GMAIL.COM', N'AQAAAAEAACcQAAAAEO5W4HX19CRkwxZEYleadjLi3uSn0wG8RjIgXo/fVWWEzM+CGvZU9zIVeutpbI/gug==', NULL, 0, N'4d407ea7-d9df-4312-8483-2f07eefd816a', 0, N'testuser90@gmail.com')
GO
INSERT [dbo].[AspNetUsers] ([Id], [AccessFailedCount], [ConcurrencyStamp], [Email], [EmailConfirmed], [FirstName], [LastName], [LockoutEnabled], [LockoutEnd], [NormalizedEmail], [NormalizedUserName], [PasswordHash], [PhoneNumber], [PhoneNumberConfirmed], [SecurityStamp], [TwoFactorEnabled], [UserName]) VALUES (N'760b315a-cee0-4539-8626-77c8d13e7336', 0, N'6643d2c2-f07a-446f-ae7b-11b496a240f3', N'testmanager3@gmail.com', 0, N'Test', N'Manager 3', 1, NULL, N'TESTMANAGER3@GMAIL.COM', N'TESTMANAGER3@GMAIL.COM', N'AQAAAAEAACcQAAAAELPlTGbLqOvHJmyDHBzzL/ZoQN0iZLOQS81kWqg0z1uxhwmFBmjMqNJ1T8gXnYg0Cg==', NULL, 0, N'7df983b7-cabf-4c48-85e1-41e046f10fd5', 0, N'testmanager3@gmail.com')
GO
INSERT [dbo].[AspNetUsers] ([Id], [AccessFailedCount], [ConcurrencyStamp], [Email], [EmailConfirmed], [FirstName], [LastName], [LockoutEnabled], [LockoutEnd], [NormalizedEmail], [NormalizedUserName], [PasswordHash], [PhoneNumber], [PhoneNumberConfirmed], [SecurityStamp], [TwoFactorEnabled], [UserName]) VALUES (N'79d239d3-0319-4674-a05b-252bbaa9397a', 0, N'9262e099-20b5-4877-a12a-c738a3f1a906', N'testuser38@gmail.com', 0, N'Test', N'User 38', 1, NULL, N'TESTUSER38@GMAIL.COM', N'TESTUSER38@GMAIL.COM', N'AQAAAAEAACcQAAAAENuYBlGGbVGFTd9gJeESc+YiYybAOFKpkDLuqU9RW2EhK+36H7gtKagWWMsUZBBRIg==', NULL, 0, N'7f5e172d-4845-4f4e-bfed-791dcf5ef6be', 0, N'testuser38@gmail.com')
GO
INSERT [dbo].[AspNetUsers] ([Id], [AccessFailedCount], [ConcurrencyStamp], [Email], [EmailConfirmed], [FirstName], [LastName], [LockoutEnabled], [LockoutEnd], [NormalizedEmail], [NormalizedUserName], [PasswordHash], [PhoneNumber], [PhoneNumberConfirmed], [SecurityStamp], [TwoFactorEnabled], [UserName]) VALUES (N'7c39ecbc-f1df-4de4-8660-2afe7ccb11b0', 0, N'1545694d-6820-456d-87f9-aea7d5109231', N'testuser88@gmail.com', 0, N'Test', N'User 88', 1, NULL, N'TESTUSER88@GMAIL.COM', N'TESTUSER88@GMAIL.COM', N'AQAAAAEAACcQAAAAEGgq05vIVdMYVyHxlvOglbULF3W0AQ/UeMclBGxam3nsa3hGu5jCcv4pbU78YVai6A==', NULL, 0, N'0b2beb45-627e-4a14-9eae-4be256f24d0a', 0, N'testuser88@gmail.com')
GO
INSERT [dbo].[AspNetUsers] ([Id], [AccessFailedCount], [ConcurrencyStamp], [Email], [EmailConfirmed], [FirstName], [LastName], [LockoutEnabled], [LockoutEnd], [NormalizedEmail], [NormalizedUserName], [PasswordHash], [PhoneNumber], [PhoneNumberConfirmed], [SecurityStamp], [TwoFactorEnabled], [UserName]) VALUES (N'82ec2294-8578-4c5e-8333-cc8451ec82c5', 0, N'893d6057-5278-4ce3-a47d-e77b30660a77', N'testuser68@gmail.com', 0, N'Test', N'User 68', 1, NULL, N'TESTUSER68@GMAIL.COM', N'TESTUSER68@GMAIL.COM', N'AQAAAAEAACcQAAAAEKYyyQMYwCvoDydHiYSD7EjpmCFxDDzVpGiLr45UYpFW6RrOPI94hWtTWIAcHm8jKg==', NULL, 0, N'1f0b1093-84c9-431a-9574-0d9f3ccaab34', 0, N'testuser68@gmail.com')
GO
INSERT [dbo].[AspNetUsers] ([Id], [AccessFailedCount], [ConcurrencyStamp], [Email], [EmailConfirmed], [FirstName], [LastName], [LockoutEnabled], [LockoutEnd], [NormalizedEmail], [NormalizedUserName], [PasswordHash], [PhoneNumber], [PhoneNumberConfirmed], [SecurityStamp], [TwoFactorEnabled], [UserName]) VALUES (N'8952d515-05d0-4318-959a-2f61a2a6d58e', 0, N'e33ee47e-78e4-4bb7-9e81-bbe826045331', N'testuser47@gmail.com', 0, N'Test', N'User 47', 1, NULL, N'TESTUSER47@GMAIL.COM', N'TESTUSER47@GMAIL.COM', N'AQAAAAEAACcQAAAAECnBB8yBEIqM8+aWAO1bzIxtDZo6z7EdSdHx2eEeB4wUbTX2rrEYfTDSxeXXm43hEA==', NULL, 0, N'8f0bbf85-c468-426b-92c5-ccc503b7a254', 0, N'testuser47@gmail.com')
GO
INSERT [dbo].[AspNetUsers] ([Id], [AccessFailedCount], [ConcurrencyStamp], [Email], [EmailConfirmed], [FirstName], [LastName], [LockoutEnabled], [LockoutEnd], [NormalizedEmail], [NormalizedUserName], [PasswordHash], [PhoneNumber], [PhoneNumberConfirmed], [SecurityStamp], [TwoFactorEnabled], [UserName]) VALUES (N'90dc4cc7-2ab7-417a-96bd-777d9c7c9a6d', 0, N'bd9b7fc0-348e-4ffd-a722-381863aa5b27', N'testuser55@gmail.com', 0, N'Test', N'User 55', 1, NULL, N'TESTUSER55@GMAIL.COM', N'TESTUSER55@GMAIL.COM', N'AQAAAAEAACcQAAAAEHQPxXkJwg2UBgrZrd8awo3X3oPl3n/uKXbe5LnLhgq75pA5FeHsrxrGT96pavtnog==', NULL, 0, N'82ad69c3-0fc3-4682-abd9-b8bcf1508c51', 0, N'testuser55@gmail.com')
GO
INSERT [dbo].[AspNetUsers] ([Id], [AccessFailedCount], [ConcurrencyStamp], [Email], [EmailConfirmed], [FirstName], [LastName], [LockoutEnabled], [LockoutEnd], [NormalizedEmail], [NormalizedUserName], [PasswordHash], [PhoneNumber], [PhoneNumberConfirmed], [SecurityStamp], [TwoFactorEnabled], [UserName]) VALUES (N'9fd41807-1f63-4361-9d28-d6d0841cdac6', 0, N'19b72e2e-cf9b-45a8-aa3b-c12307885efa', N'testuser49@gmail.com', 0, N'Test', N'User 49', 1, NULL, N'TESTUSER49@GMAIL.COM', N'TESTUSER49@GMAIL.COM', N'AQAAAAEAACcQAAAAENl7xay9QPJJu0ECXhk3Gb1voPCSyYIZjsdFQY7QAmd8xNnqCE7P1DBu1W56l0eUHw==', NULL, 0, N'd6868be3-263a-4631-90b3-6013e632e115', 0, N'testuser49@gmail.com')
GO
INSERT [dbo].[AspNetUsers] ([Id], [AccessFailedCount], [ConcurrencyStamp], [Email], [EmailConfirmed], [FirstName], [LastName], [LockoutEnabled], [LockoutEnd], [NormalizedEmail], [NormalizedUserName], [PasswordHash], [PhoneNumber], [PhoneNumberConfirmed], [SecurityStamp], [TwoFactorEnabled], [UserName]) VALUES (N'a00b5087-1cc0-4f5c-b687-843e69e29098', 0, N'4e4b7efc-f0fa-4a6d-8cc4-60c984329009', N'testuser6@gmail.com', 0, N'Test', N'User 6', 1, NULL, N'TESTUSER6@GMAIL.COM', N'TESTUSER6@GMAIL.COM', N'AQAAAAEAACcQAAAAEHN93n2tEiqWVomztKNphPjO+XWVb+7gz7M8V2zuORlHxMFHUQuFvz/an5/dlII9kA==', NULL, 0, N'5f15e7e7-2954-4450-a9d9-12219094bf6b', 0, N'testuser6@gmail.com')
GO
INSERT [dbo].[AspNetUsers] ([Id], [AccessFailedCount], [ConcurrencyStamp], [Email], [EmailConfirmed], [FirstName], [LastName], [LockoutEnabled], [LockoutEnd], [NormalizedEmail], [NormalizedUserName], [PasswordHash], [PhoneNumber], [PhoneNumberConfirmed], [SecurityStamp], [TwoFactorEnabled], [UserName]) VALUES (N'a0d0e66f-d398-4ca5-bd3c-9896c0c90ba5', 0, N'db97242e-3f97-4735-b8c8-5d51ab86ed63', N'testuser24@gmail.com', 0, N'Test', N'User 24', 1, NULL, N'TESTUSER24@GMAIL.COM', N'TESTUSER24@GMAIL.COM', N'AQAAAAEAACcQAAAAEPQ2GZC87GyGUV3HoIuJg4O2aEl9uJ/7RNXNs/7mNu51jGcs9iVfhhhbEfSEA9wG7Q==', NULL, 0, N'e6d5fc1f-d93c-4cbc-83e4-8c251ce37bc4', 0, N'testuser24@gmail.com')
GO
INSERT [dbo].[AspNetUsers] ([Id], [AccessFailedCount], [ConcurrencyStamp], [Email], [EmailConfirmed], [FirstName], [LastName], [LockoutEnabled], [LockoutEnd], [NormalizedEmail], [NormalizedUserName], [PasswordHash], [PhoneNumber], [PhoneNumberConfirmed], [SecurityStamp], [TwoFactorEnabled], [UserName]) VALUES (N'a45d963d-d48e-47bc-afac-54560d3066c2', 0, N'8d2cc7a2-8025-473f-89df-b3d27cb47e4a', N'testuser79@gmail.com', 0, N'Test', N'User 79', 1, NULL, N'TESTUSER79@GMAIL.COM', N'TESTUSER79@GMAIL.COM', N'AQAAAAEAACcQAAAAEC+QeZa+TAHoqeYMtk9To+CDQPOLRPe0dK6zst9Fc0t7GXWUfmTzsgLdQcvk+cxM4Q==', NULL, 0, N'a2d87032-517d-4dad-8b63-af729bd77db3', 0, N'testuser79@gmail.com')
GO
INSERT [dbo].[AspNetUsers] ([Id], [AccessFailedCount], [ConcurrencyStamp], [Email], [EmailConfirmed], [FirstName], [LastName], [LockoutEnabled], [LockoutEnd], [NormalizedEmail], [NormalizedUserName], [PasswordHash], [PhoneNumber], [PhoneNumberConfirmed], [SecurityStamp], [TwoFactorEnabled], [UserName]) VALUES (N'a7ed1730-5f5b-40ba-b322-6a8f12b11631', 0, N'63c99ff7-e39a-45c0-b8d7-cfc0380a025f', N'testuser62@gmail.com', 0, N'Test', N'User 62', 1, NULL, N'TESTUSER62@GMAIL.COM', N'TESTUSER62@GMAIL.COM', N'AQAAAAEAACcQAAAAEHZ9ytosKuyf2ia4scW4pTMbEA7b2JkZm9RluyVgEs7+t+mrCeqN2ZwQXe2WT+TyzA==', NULL, 0, N'd21388f7-0f68-4e10-b86e-5c66b4571e0b', 0, N'testuser62@gmail.com')
GO
INSERT [dbo].[AspNetUsers] ([Id], [AccessFailedCount], [ConcurrencyStamp], [Email], [EmailConfirmed], [FirstName], [LastName], [LockoutEnabled], [LockoutEnd], [NormalizedEmail], [NormalizedUserName], [PasswordHash], [PhoneNumber], [PhoneNumberConfirmed], [SecurityStamp], [TwoFactorEnabled], [UserName]) VALUES (N'a92310c0-db27-42cf-b81c-330f3327e812', 0, N'f8358263-f4f9-4e26-a018-96cbb07fb76e', N'testuser0@gmail.com', 0, N'Test', N'User 0', 1, NULL, N'TESTUSER0@GMAIL.COM', N'TESTUSER0@GMAIL.COM', N'AQAAAAEAACcQAAAAENLehJLWWWZ/uQ+EgnwQfIMMiZFi23Ud5Yh5T8rQHukhHycHgLQ59b006abRBjhxNw==', NULL, 0, N'2524506a-138d-442c-bc98-a3cf74647f93', 0, N'testuser0@gmail.com')
GO
INSERT [dbo].[AspNetUsers] ([Id], [AccessFailedCount], [ConcurrencyStamp], [Email], [EmailConfirmed], [FirstName], [LastName], [LockoutEnabled], [LockoutEnd], [NormalizedEmail], [NormalizedUserName], [PasswordHash], [PhoneNumber], [PhoneNumberConfirmed], [SecurityStamp], [TwoFactorEnabled], [UserName]) VALUES (N'ab05d4fe-26c9-40a6-b657-183cc1621d52', 0, N'd2d324c7-c01e-4d42-a44c-1b9c9244bbef', N'testuser30@gmail.com', 0, N'Test', N'User 30', 1, NULL, N'TESTUSER30@GMAIL.COM', N'TESTUSER30@GMAIL.COM', N'AQAAAAEAACcQAAAAECqIn6nSSMJ3Fmp790JW5hh/jUBS/IG1U0dsVIqZ8QMDJAhFglOJ30ooqNKHjoULIQ==', NULL, 0, N'25764a29-3124-4fa8-83c2-9c99bed6f82f', 0, N'testuser30@gmail.com')
GO
INSERT [dbo].[AspNetUsers] ([Id], [AccessFailedCount], [ConcurrencyStamp], [Email], [EmailConfirmed], [FirstName], [LastName], [LockoutEnabled], [LockoutEnd], [NormalizedEmail], [NormalizedUserName], [PasswordHash], [PhoneNumber], [PhoneNumberConfirmed], [SecurityStamp], [TwoFactorEnabled], [UserName]) VALUES (N'ab8b2ae7-ebc6-41e0-865a-f86ad4ed95df', 0, N'9edd3df8-f631-485b-8e60-7f9e9c3a1233', N'testuser46@gmail.com', 0, N'Test', N'User 46', 1, NULL, N'TESTUSER46@GMAIL.COM', N'TESTUSER46@GMAIL.COM', N'AQAAAAEAACcQAAAAENPbyL6vLlIziohAZnUv3PpBQUc4ZYEpHH4ts+BQ+WC9dKYEmIY+xfmncpn0fuz2Uw==', NULL, 0, N'34a82403-e092-4934-a2e3-4b352d9dc76f', 0, N'testuser46@gmail.com')
GO
INSERT [dbo].[AspNetUsers] ([Id], [AccessFailedCount], [ConcurrencyStamp], [Email], [EmailConfirmed], [FirstName], [LastName], [LockoutEnabled], [LockoutEnd], [NormalizedEmail], [NormalizedUserName], [PasswordHash], [PhoneNumber], [PhoneNumberConfirmed], [SecurityStamp], [TwoFactorEnabled], [UserName]) VALUES (N'ac244535-376b-424b-90e5-2dfe3388f0ba', 0, N'fb40c68d-3f87-447c-a2fe-0908c66dc2ef', N'testuser91@gmail.com', 0, N'Test', N'User 91', 1, NULL, N'TESTUSER91@GMAIL.COM', N'TESTUSER91@GMAIL.COM', N'AQAAAAEAACcQAAAAEC702Cp+Ais+tG9xA8nF1qz6rgSdkoGOGW1mssdxAePzTyDoT7kXKmkV5k7583d/7w==', NULL, 0, N'704114c6-a841-4a1f-9268-354937cf0ec6', 0, N'testuser91@gmail.com')
GO
INSERT [dbo].[AspNetUsers] ([Id], [AccessFailedCount], [ConcurrencyStamp], [Email], [EmailConfirmed], [FirstName], [LastName], [LockoutEnabled], [LockoutEnd], [NormalizedEmail], [NormalizedUserName], [PasswordHash], [PhoneNumber], [PhoneNumberConfirmed], [SecurityStamp], [TwoFactorEnabled], [UserName]) VALUES (N'add171e4-be1b-44dd-b880-e8d27db62e68', 0, N'8a390d18-a5dd-4000-b1e0-6194d238bee0', N'testuser7@gmail.com', 0, N'Test', N'User 7', 1, NULL, N'TESTUSER7@GMAIL.COM', N'TESTUSER7@GMAIL.COM', N'AQAAAAEAACcQAAAAEJcjnHshJvtEJ4QETVw3RxULokYxIYxF9hDryaCVWo+wHJbl/lUs/95mvAnAFc5BVg==', NULL, 0, N'8200be51-9789-41f0-8ea8-51faddde30dd', 0, N'testuser7@gmail.com')
GO
INSERT [dbo].[AspNetUsers] ([Id], [AccessFailedCount], [ConcurrencyStamp], [Email], [EmailConfirmed], [FirstName], [LastName], [LockoutEnabled], [LockoutEnd], [NormalizedEmail], [NormalizedUserName], [PasswordHash], [PhoneNumber], [PhoneNumberConfirmed], [SecurityStamp], [TwoFactorEnabled], [UserName]) VALUES (N'b0b0c72a-fb94-4d34-8ab1-adf7074f97a9', 0, N'927fc7c8-45a6-4ab6-9341-49b7a3292efb', N'testuser75@gmail.com', 0, N'Test', N'User 75', 1, NULL, N'TESTUSER75@GMAIL.COM', N'TESTUSER75@GMAIL.COM', N'AQAAAAEAACcQAAAAEGBYmAfeW+90JYO9FsWDDhd5SEnNPo2PSmuykzN1N9SSi+SFEaCVf9mUco0Md7pmyA==', NULL, 0, N'7b453413-1860-4067-8cc6-29592d4e7c91', 0, N'testuser75@gmail.com')
GO
INSERT [dbo].[AspNetUsers] ([Id], [AccessFailedCount], [ConcurrencyStamp], [Email], [EmailConfirmed], [FirstName], [LastName], [LockoutEnabled], [LockoutEnd], [NormalizedEmail], [NormalizedUserName], [PasswordHash], [PhoneNumber], [PhoneNumberConfirmed], [SecurityStamp], [TwoFactorEnabled], [UserName]) VALUES (N'b16de8b0-de01-4cb7-8cfb-a6340713ee42', 0, N'c057c77c-bfc2-4eae-9e0d-11b14f47787b', N'testuser15@gmail.com', 0, N'Test', N'User 15', 1, NULL, N'TESTUSER15@GMAIL.COM', N'TESTUSER15@GMAIL.COM', N'AQAAAAEAACcQAAAAEG3DAXZJait9P7FJHInqZFdifNPwKMHxqwQAMosUhovNlurZu+3quKkioJPcLjpKUg==', NULL, 0, N'2194b9c2-14f3-44cf-9cac-51d13f0832f4', 0, N'testuser15@gmail.com')
GO
INSERT [dbo].[AspNetUsers] ([Id], [AccessFailedCount], [ConcurrencyStamp], [Email], [EmailConfirmed], [FirstName], [LastName], [LockoutEnabled], [LockoutEnd], [NormalizedEmail], [NormalizedUserName], [PasswordHash], [PhoneNumber], [PhoneNumberConfirmed], [SecurityStamp], [TwoFactorEnabled], [UserName]) VALUES (N'b372c7e2-9a89-47a6-8388-1d03694762be', 0, N'06f4b8c4-99ea-410f-92fd-cbf9c27b518a', N'testuser5@gmail.com', 0, N'Test', N'User 5', 1, NULL, N'TESTUSER5@GMAIL.COM', N'TESTUSER5@GMAIL.COM', N'AQAAAAEAACcQAAAAEFG7+zsZfaKxm39dHKQ2kUgBcVFe4mW5LCVrDbH1/mioYLNnGHoA3Ik81x7pskkQmA==', NULL, 0, N'4a2e69d3-ef17-4c72-a0fd-32ab30212e5e', 0, N'testuser5@gmail.com')
GO
INSERT [dbo].[AspNetUsers] ([Id], [AccessFailedCount], [ConcurrencyStamp], [Email], [EmailConfirmed], [FirstName], [LastName], [LockoutEnabled], [LockoutEnd], [NormalizedEmail], [NormalizedUserName], [PasswordHash], [PhoneNumber], [PhoneNumberConfirmed], [SecurityStamp], [TwoFactorEnabled], [UserName]) VALUES (N'b9805a5d-dbbc-4519-9cfb-f43e5e390e06', 0, N'859352ae-eb91-44c2-8fac-ea475c8b7a5c', N'testuser13@gmail.com', 0, N'Test', N'User 13', 1, NULL, N'TESTUSER13@GMAIL.COM', N'TESTUSER13@GMAIL.COM', N'AQAAAAEAACcQAAAAECqg4b2biyr4jbeT8YePhK/spMcaY8IItolQ2C+6/d8BjnF0A038M4h1jg/mi8SMRQ==', NULL, 0, N'c89e706f-0b0e-4499-b479-ee5d0d3998d6', 0, N'testuser13@gmail.com')
GO
INSERT [dbo].[AspNetUsers] ([Id], [AccessFailedCount], [ConcurrencyStamp], [Email], [EmailConfirmed], [FirstName], [LastName], [LockoutEnabled], [LockoutEnd], [NormalizedEmail], [NormalizedUserName], [PasswordHash], [PhoneNumber], [PhoneNumberConfirmed], [SecurityStamp], [TwoFactorEnabled], [UserName]) VALUES (N'b99e5cce-92b1-4a9b-b602-570362bda3fd', 0, N'642621ae-ddac-4096-8751-ea30f140913e', N'testuser76@gmail.com', 0, N'Test', N'User 76', 1, NULL, N'TESTUSER76@GMAIL.COM', N'TESTUSER76@GMAIL.COM', N'AQAAAAEAACcQAAAAELaV74QycECRk3IaaI01Qh5iZUzGoFlSmesyPaew6HH5mVh//BTGxzpc341L2OuEfw==', NULL, 0, N'9ac80a52-b3d2-4473-80a3-e47b77eefb31', 0, N'testuser76@gmail.com')
GO
INSERT [dbo].[AspNetUsers] ([Id], [AccessFailedCount], [ConcurrencyStamp], [Email], [EmailConfirmed], [FirstName], [LastName], [LockoutEnabled], [LockoutEnd], [NormalizedEmail], [NormalizedUserName], [PasswordHash], [PhoneNumber], [PhoneNumberConfirmed], [SecurityStamp], [TwoFactorEnabled], [UserName]) VALUES (N'c0c7d030-47ef-47d3-9a3a-2cb1eeac5ac3', 0, N'9d8770f4-812a-48fc-84aa-7188b81d0bf5', N'testuser95@gmail.com', 0, N'Test', N'User 95', 1, NULL, N'TESTUSER95@GMAIL.COM', N'TESTUSER95@GMAIL.COM', N'AQAAAAEAACcQAAAAEJK6ENbNNdXuBgsgglRgZk7jfDRqBn4XXV9peNYTFZYku/dXypZWQxG4c+d6kQ4ctQ==', NULL, 0, N'08a917a1-ec66-4c78-a201-12ca602444e5', 0, N'testuser95@gmail.com')
GO
INSERT [dbo].[AspNetUsers] ([Id], [AccessFailedCount], [ConcurrencyStamp], [Email], [EmailConfirmed], [FirstName], [LastName], [LockoutEnabled], [LockoutEnd], [NormalizedEmail], [NormalizedUserName], [PasswordHash], [PhoneNumber], [PhoneNumberConfirmed], [SecurityStamp], [TwoFactorEnabled], [UserName]) VALUES (N'c32c72b8-fdca-44d9-beb4-de28a9461300', 0, N'ab764f6e-0b6b-4596-b11b-e0d85eb01066', N'testuser20@gmail.com', 0, N'Test', N'User 20', 1, NULL, N'TESTUSER20@GMAIL.COM', N'TESTUSER20@GMAIL.COM', N'AQAAAAEAACcQAAAAEK8gWbqua45MQSZWH5WolLMh36p/ddo9CTnL4/3VZz2lxkOPjHOyEC++jA8oxace/g==', NULL, 0, N'94615d6d-e811-4d6d-8d19-606be8787426', 0, N'testuser20@gmail.com')
GO
INSERT [dbo].[AspNetUsers] ([Id], [AccessFailedCount], [ConcurrencyStamp], [Email], [EmailConfirmed], [FirstName], [LastName], [LockoutEnabled], [LockoutEnd], [NormalizedEmail], [NormalizedUserName], [PasswordHash], [PhoneNumber], [PhoneNumberConfirmed], [SecurityStamp], [TwoFactorEnabled], [UserName]) VALUES (N'c39dd898-b5d8-487c-9a9d-90dda27f68a7', 0, N'a03b846e-8ca8-41b0-968f-7b8a47c0806a', N'testuser14@gmail.com', 0, N'Test', N'User 14', 1, NULL, N'TESTUSER14@GMAIL.COM', N'TESTUSER14@GMAIL.COM', N'AQAAAAEAACcQAAAAEKdspf9AKFDcbp1eIvyFHD5QRxItKHX6TGjwQ4kyuHGH/F3FTBWw9VHxBnpZf+8HVA==', NULL, 0, N'fd91a0ac-1562-4bb0-941b-a9924fd843c5', 0, N'testuser14@gmail.com')
GO
INSERT [dbo].[AspNetUsers] ([Id], [AccessFailedCount], [ConcurrencyStamp], [Email], [EmailConfirmed], [FirstName], [LastName], [LockoutEnabled], [LockoutEnd], [NormalizedEmail], [NormalizedUserName], [PasswordHash], [PhoneNumber], [PhoneNumberConfirmed], [SecurityStamp], [TwoFactorEnabled], [UserName]) VALUES (N'c3eede26-bd89-4be6-9b1e-5e7b7d52ac75', 0, N'e60f38b9-dfe2-474b-be36-3bb8a40a9d73', N'testuser9@gmail.com', 0, N'Test', N'User 9', 1, NULL, N'TESTUSER9@GMAIL.COM', N'TESTUSER9@GMAIL.COM', N'AQAAAAEAACcQAAAAEJaE5m59iGRAE/zWwYeWsqrFk3MrjgBJPHm3PJNSgeFRN1Dkt7tSIms37igX1pocLQ==', NULL, 0, N'66170b8b-7853-452a-98ca-880c6c102d8f', 0, N'testuser9@gmail.com')
GO
INSERT [dbo].[AspNetUsers] ([Id], [AccessFailedCount], [ConcurrencyStamp], [Email], [EmailConfirmed], [FirstName], [LastName], [LockoutEnabled], [LockoutEnd], [NormalizedEmail], [NormalizedUserName], [PasswordHash], [PhoneNumber], [PhoneNumberConfirmed], [SecurityStamp], [TwoFactorEnabled], [UserName]) VALUES (N'c5859773-2c71-44c7-a979-6090f692fb39', 0, N'23382d00-56f1-4084-83a6-56b2a16075a1', N'testuser16@gmail.com', 0, N'Test', N'User 16', 1, NULL, N'TESTUSER16@GMAIL.COM', N'TESTUSER16@GMAIL.COM', N'AQAAAAEAACcQAAAAEMfiea6LqDaE9ZoUtFzF1mB4UGUKCk6EWuC9YbwJeZQIhOgdtzKfhDW2I/PrWDD7Kg==', NULL, 0, N'b26750d2-ccc8-41e8-9f7a-d4207d4d7860', 0, N'testuser16@gmail.com')
GO
INSERT [dbo].[AspNetUsers] ([Id], [AccessFailedCount], [ConcurrencyStamp], [Email], [EmailConfirmed], [FirstName], [LastName], [LockoutEnabled], [LockoutEnd], [NormalizedEmail], [NormalizedUserName], [PasswordHash], [PhoneNumber], [PhoneNumberConfirmed], [SecurityStamp], [TwoFactorEnabled], [UserName]) VALUES (N'c9d0ef87-e550-490b-91a4-e364f1d2e31f', 0, N'5c78a7d7-d095-4197-8f61-4b5067741fdd', N'testuser48@gmail.com', 0, N'Test', N'User 48', 1, NULL, N'TESTUSER48@GMAIL.COM', N'TESTUSER48@GMAIL.COM', N'AQAAAAEAACcQAAAAEIcq3jKEEFzF1/4KktToWWH+n3Fvnk9+0aw3OLH1eDv5HQyBV0CArvtezQ+gsyQvSw==', NULL, 0, N'8d465c68-c81b-40fb-8a12-5d1ef50e5cf2', 0, N'testuser48@gmail.com')
GO
INSERT [dbo].[AspNetUsers] ([Id], [AccessFailedCount], [ConcurrencyStamp], [Email], [EmailConfirmed], [FirstName], [LastName], [LockoutEnabled], [LockoutEnd], [NormalizedEmail], [NormalizedUserName], [PasswordHash], [PhoneNumber], [PhoneNumberConfirmed], [SecurityStamp], [TwoFactorEnabled], [UserName]) VALUES (N'ca3b525d-327d-45a4-bfb1-f88dbddd1adc', 0, N'35d929af-28a5-4fd3-827f-bd8834708ea5', N'testuser41@gmail.com', 0, N'Test', N'User 41', 1, NULL, N'TESTUSER41@GMAIL.COM', N'TESTUSER41@GMAIL.COM', N'AQAAAAEAACcQAAAAEGkZqAfGoQ0hvTxnSl1Cf8UDmXmxmnX55udzs0RAqsSAUVXhS6XT8qO4ShGvjrytqg==', NULL, 0, N'c936c000-4c50-483e-8cd9-cb01341036e0', 0, N'testuser41@gmail.com')
GO
INSERT [dbo].[AspNetUsers] ([Id], [AccessFailedCount], [ConcurrencyStamp], [Email], [EmailConfirmed], [FirstName], [LastName], [LockoutEnabled], [LockoutEnd], [NormalizedEmail], [NormalizedUserName], [PasswordHash], [PhoneNumber], [PhoneNumberConfirmed], [SecurityStamp], [TwoFactorEnabled], [UserName]) VALUES (N'ca41ba13-97e2-4a9f-96e1-838675e1b0cb', 0, N'5b4f57a5-5ad4-4b08-b0f9-8804e1ab3359', N'testuser4@gmail.com', 0, N'Test', N'User 4', 1, NULL, N'TESTUSER4@GMAIL.COM', N'TESTUSER4@GMAIL.COM', N'AQAAAAEAACcQAAAAEBMt2hTOYAu91dVCbMGbgnfRZ0+baEaZ/U4YJbpcONQQ+jEQgHdWj1y6nJCaDdqitg==', NULL, 0, N'5321b280-1d0a-480f-b1ce-8c4262a69d36', 0, N'testuser4@gmail.com')
GO
INSERT [dbo].[AspNetUsers] ([Id], [AccessFailedCount], [ConcurrencyStamp], [Email], [EmailConfirmed], [FirstName], [LastName], [LockoutEnabled], [LockoutEnd], [NormalizedEmail], [NormalizedUserName], [PasswordHash], [PhoneNumber], [PhoneNumberConfirmed], [SecurityStamp], [TwoFactorEnabled], [UserName]) VALUES (N'cc21d501-c798-4226-880f-2b2cd09fd3ab', 0, N'ef4a5da9-91a0-40e3-bdbe-bf1400d83f55', N'testuser78@gmail.com', 0, N'Test', N'User 78', 1, NULL, N'TESTUSER78@GMAIL.COM', N'TESTUSER78@GMAIL.COM', N'AQAAAAEAACcQAAAAEEuSk/0kaci1vubph6r7nd5bdnI8OXB4UuCohHqX8PBHe7gEWk5HcoH1CoFYNyN9/Q==', NULL, 0, N'b88ad2bc-b12a-4956-a744-6aed5f4e18fb', 0, N'testuser78@gmail.com')
GO
INSERT [dbo].[AspNetUsers] ([Id], [AccessFailedCount], [ConcurrencyStamp], [Email], [EmailConfirmed], [FirstName], [LastName], [LockoutEnabled], [LockoutEnd], [NormalizedEmail], [NormalizedUserName], [PasswordHash], [PhoneNumber], [PhoneNumberConfirmed], [SecurityStamp], [TwoFactorEnabled], [UserName]) VALUES (N'cdf28fef-335e-4c5b-b811-41b07c56b003', 0, N'602d3c30-ff42-4b97-a19c-c15733dc0dee', N'testuser85@gmail.com', 0, N'Test', N'User 85', 1, NULL, N'TESTUSER85@GMAIL.COM', N'TESTUSER85@GMAIL.COM', N'AQAAAAEAACcQAAAAEExb+RbD9RXj9vFycyQvDrwOHl13MOHribsX87QroA9RnLq6ZT1sbR1KCxUNcKFBrg==', NULL, 0, N'17082b37-0978-408b-9178-710cfcb9d0ae', 0, N'testuser85@gmail.com')
GO
INSERT [dbo].[AspNetUsers] ([Id], [AccessFailedCount], [ConcurrencyStamp], [Email], [EmailConfirmed], [FirstName], [LastName], [LockoutEnabled], [LockoutEnd], [NormalizedEmail], [NormalizedUserName], [PasswordHash], [PhoneNumber], [PhoneNumberConfirmed], [SecurityStamp], [TwoFactorEnabled], [UserName]) VALUES (N'cf60c2f4-0ac2-45f8-a353-d1f59b01bc72', 0, N'55adbcc6-86fe-44ae-beb4-95b05860f288', N'testuser54@gmail.com', 0, N'Test', N'User 54', 1, NULL, N'TESTUSER54@GMAIL.COM', N'TESTUSER54@GMAIL.COM', N'AQAAAAEAACcQAAAAEI1Y3CaEIHz+n20ZpSyFwB8ZSJN651HE8iTltxJqMwsC176+LyfJ4U2FeDV//+Z+9g==', NULL, 0, N'92ec9675-3e28-428e-a8ab-8d6e7623f567', 0, N'testuser54@gmail.com')
GO
INSERT [dbo].[AspNetUsers] ([Id], [AccessFailedCount], [ConcurrencyStamp], [Email], [EmailConfirmed], [FirstName], [LastName], [LockoutEnabled], [LockoutEnd], [NormalizedEmail], [NormalizedUserName], [PasswordHash], [PhoneNumber], [PhoneNumberConfirmed], [SecurityStamp], [TwoFactorEnabled], [UserName]) VALUES (N'd07ad44a-2785-4a0e-9ecb-0d2a6b4f9d65', 0, N'7918c02f-9b07-42c4-b782-712c588d9ce2', N'testuser57@gmail.com', 0, N'Test', N'User 57', 1, NULL, N'TESTUSER57@GMAIL.COM', N'TESTUSER57@GMAIL.COM', N'AQAAAAEAACcQAAAAEFHUens+YKIXvfWoGd1G/wqtJdAUDGHckJu6s+dtL/IkVBVHijz7TVJa4sktU0Vwkg==', NULL, 0, N'fe8d7cb8-5760-442b-aaca-7f321c3ab356', 0, N'testuser57@gmail.com')
GO
INSERT [dbo].[AspNetUsers] ([Id], [AccessFailedCount], [ConcurrencyStamp], [Email], [EmailConfirmed], [FirstName], [LastName], [LockoutEnabled], [LockoutEnd], [NormalizedEmail], [NormalizedUserName], [PasswordHash], [PhoneNumber], [PhoneNumberConfirmed], [SecurityStamp], [TwoFactorEnabled], [UserName]) VALUES (N'd32194b1-b564-4b5f-81e7-66f995a0d24c', 0, N'fab001d0-bbbe-4638-8114-15e8cd07b295', N'testuser37@gmail.com', 0, N'Test', N'User 37', 1, NULL, N'TESTUSER37@GMAIL.COM', N'TESTUSER37@GMAIL.COM', N'AQAAAAEAACcQAAAAEFqo0CDC/iqyP4IXLqLCaQFk+HcXlDGoyidzWCRU++jk22KkWNikngFgNy6+63s2Lw==', NULL, 0, N'f985f297-0841-4b9e-bfa8-9a2fbd72ed40', 0, N'testuser37@gmail.com')
GO
INSERT [dbo].[AspNetUsers] ([Id], [AccessFailedCount], [ConcurrencyStamp], [Email], [EmailConfirmed], [FirstName], [LastName], [LockoutEnabled], [LockoutEnd], [NormalizedEmail], [NormalizedUserName], [PasswordHash], [PhoneNumber], [PhoneNumberConfirmed], [SecurityStamp], [TwoFactorEnabled], [UserName]) VALUES (N'd3df992f-5105-4cef-a8ba-fbe32d940de1', 0, N'de4cf117-b2b4-4c76-b99e-a62cffce9bb4', N'testuser71@gmail.com', 0, N'Test', N'User 71', 1, NULL, N'TESTUSER71@GMAIL.COM', N'TESTUSER71@GMAIL.COM', N'AQAAAAEAACcQAAAAEHAcJ0jRYyf4xT5PyOjfGAzt0/qkVx0gqbxvhNwybJGwisns1aeFSkMYLkukfGxdTQ==', NULL, 0, N'e4a5cbda-f5df-481e-b0b1-92e7c07da241', 0, N'testuser71@gmail.com')
GO
INSERT [dbo].[AspNetUsers] ([Id], [AccessFailedCount], [ConcurrencyStamp], [Email], [EmailConfirmed], [FirstName], [LastName], [LockoutEnabled], [LockoutEnd], [NormalizedEmail], [NormalizedUserName], [PasswordHash], [PhoneNumber], [PhoneNumberConfirmed], [SecurityStamp], [TwoFactorEnabled], [UserName]) VALUES (N'd4aafaf8-5458-4cde-9649-e8669290afb2', 0, N'6bfe7a31-df56-4093-b621-d34fcff69a79', N'testuser98@gmail.com', 0, N'Test', N'User 98', 1, NULL, N'TESTUSER98@GMAIL.COM', N'TESTUSER98@GMAIL.COM', N'AQAAAAEAACcQAAAAECg/zz+VwMU5/HPPdUjZRy7LYvBzTrhoVVaGZqe8jYh/Nc7+V5zKWETmWWQl05K0lg==', NULL, 0, N'a648334b-7c63-4d97-9fdc-d2390df6b614', 0, N'testuser98@gmail.com')
GO
INSERT [dbo].[AspNetUsers] ([Id], [AccessFailedCount], [ConcurrencyStamp], [Email], [EmailConfirmed], [FirstName], [LastName], [LockoutEnabled], [LockoutEnd], [NormalizedEmail], [NormalizedUserName], [PasswordHash], [PhoneNumber], [PhoneNumberConfirmed], [SecurityStamp], [TwoFactorEnabled], [UserName]) VALUES (N'd557b8d8-d038-4dad-a99e-4f7f8ec03536', 0, N'4350c889-50c5-4e67-b353-0e5cb72805f2', N'testuser65@gmail.com', 0, N'Test', N'User 65', 1, NULL, N'TESTUSER65@GMAIL.COM', N'TESTUSER65@GMAIL.COM', N'AQAAAAEAACcQAAAAEA8wCnkG9T/ucl22xieYAHP9cVj5evEzIyrX++kC0/NUQzYYMTZ4x5pwn5160rFSdw==', NULL, 0, N'4a5bf02e-65df-4345-b2a2-96b1b48f4077', 0, N'testuser65@gmail.com')
GO
INSERT [dbo].[AspNetUsers] ([Id], [AccessFailedCount], [ConcurrencyStamp], [Email], [EmailConfirmed], [FirstName], [LastName], [LockoutEnabled], [LockoutEnd], [NormalizedEmail], [NormalizedUserName], [PasswordHash], [PhoneNumber], [PhoneNumberConfirmed], [SecurityStamp], [TwoFactorEnabled], [UserName]) VALUES (N'd59a9292-24bd-4df7-9a06-256a03188740', 0, N'21edfe48-1b82-475e-943b-521ea461bd43', N'mihaly@toptal.com', 0, N'Mihly', N'Tringel', 1, NULL, N'MIHALY@TOPTAL.COM', N'MIHALY@TOPTAL.COM', N'AQAAAAEAACcQAAAAEPGsTt2VDWlLr1uIeLLK/aAU57t8ZzNrHZtStYUJOB+TKJ+qkb3HItVgWKQFNEvsXg==', NULL, 0, N'40e2bf2a-4935-4d66-a6cc-caa53d389653', 0, N'mihaly@toptal.com')
GO
INSERT [dbo].[AspNetUsers] ([Id], [AccessFailedCount], [ConcurrencyStamp], [Email], [EmailConfirmed], [FirstName], [LastName], [LockoutEnabled], [LockoutEnd], [NormalizedEmail], [NormalizedUserName], [PasswordHash], [PhoneNumber], [PhoneNumberConfirmed], [SecurityStamp], [TwoFactorEnabled], [UserName]) VALUES (N'dbcfc501-a9b4-4bf5-8d54-36b7d001e157', 0, N'a3726738-98c2-4d82-8d92-79e62baea9f4', N'testuser8@gmail.com', 0, N'Test', N'User 8', 1, NULL, N'TESTUSER8@GMAIL.COM', N'TESTUSER8@GMAIL.COM', N'AQAAAAEAACcQAAAAELplDVpvCFKObQQ+Jd65Ae9q3WcBNcfvvjvvk2kmgSqMUd3jsxh5nJSmLHwTWZw9kg==', NULL, 0, N'bd3ee39c-86e9-4448-a2e9-0a1a644dd508', 0, N'testuser8@gmail.com')
GO
INSERT [dbo].[AspNetUsers] ([Id], [AccessFailedCount], [ConcurrencyStamp], [Email], [EmailConfirmed], [FirstName], [LastName], [LockoutEnabled], [LockoutEnd], [NormalizedEmail], [NormalizedUserName], [PasswordHash], [PhoneNumber], [PhoneNumberConfirmed], [SecurityStamp], [TwoFactorEnabled], [UserName]) VALUES (N'dfe14107-0b99-4873-915a-dc6b59265622', 0, N'c851d881-ff2c-4bae-aaf1-a4c49af957bb', N'testuser72@gmail.com', 0, N'Test', N'User 72', 1, NULL, N'TESTUSER72@GMAIL.COM', N'TESTUSER72@GMAIL.COM', N'AQAAAAEAACcQAAAAEAQc5Lm1gP7omrfk9T05FXaVlAeZ4b9IuF3kJ+0tfjASxhlZEptSGCS8lm/4NEwC5g==', NULL, 0, N'2fd8a307-f1d3-485e-b754-6c73c7aa0fdc', 0, N'testuser72@gmail.com')
GO
INSERT [dbo].[AspNetUsers] ([Id], [AccessFailedCount], [ConcurrencyStamp], [Email], [EmailConfirmed], [FirstName], [LastName], [LockoutEnabled], [LockoutEnd], [NormalizedEmail], [NormalizedUserName], [PasswordHash], [PhoneNumber], [PhoneNumberConfirmed], [SecurityStamp], [TwoFactorEnabled], [UserName]) VALUES (N'e083eeb9-0bb1-494b-866c-0b9f91ccc3e5', 0, N'251f5b56-4b95-4fac-9918-02d81e2b37ce', N'testuser36@gmail.com', 0, N'Test', N'User 36', 1, NULL, N'TESTUSER36@GMAIL.COM', N'TESTUSER36@GMAIL.COM', N'AQAAAAEAACcQAAAAEKdhuKS8JJ8yE4bEQ4yMElGwU6HFnrh3ofchCgtnpt5h5Wrub57/PNSPK5TDynva7Q==', NULL, 0, N'0218e653-0751-463c-953f-6f9f701c7c7a', 0, N'testuser36@gmail.com')
GO
INSERT [dbo].[AspNetUsers] ([Id], [AccessFailedCount], [ConcurrencyStamp], [Email], [EmailConfirmed], [FirstName], [LastName], [LockoutEnabled], [LockoutEnd], [NormalizedEmail], [NormalizedUserName], [PasswordHash], [PhoneNumber], [PhoneNumberConfirmed], [SecurityStamp], [TwoFactorEnabled], [UserName]) VALUES (N'e1382508-5a93-4b47-b3cb-e8fad8ec8dfe', 0, N'ea333716-2a38-4114-8d8f-379b9e83efac', N'vanja.vidovic@toptal.com', 0, N'Vanja', N'Vidovic', 1, NULL, N'VANJA.VIDOVIC@TOPTAL.COM', N'VANJA.VIDOVIC@TOPTAL.COM', N'AQAAAAEAACcQAAAAEK73Aqy932YC3AIMBL0GBUBOdyCiKsEV2Nj63VMgU39cvCBdZ6uKUhZ0oF6QpmNPLA==', NULL, 0, N'b6d4ceb9-739a-40c8-99cd-bd6c1e03461e', 0, N'vanja.vidovic@toptal.com')
GO
INSERT [dbo].[AspNetUsers] ([Id], [AccessFailedCount], [ConcurrencyStamp], [Email], [EmailConfirmed], [FirstName], [LastName], [LockoutEnabled], [LockoutEnd], [NormalizedEmail], [NormalizedUserName], [PasswordHash], [PhoneNumber], [PhoneNumberConfirmed], [SecurityStamp], [TwoFactorEnabled], [UserName]) VALUES (N'e26ec853-f955-4251-8f0e-3b2788749eba', 0, N'19f645e4-3b5c-49d7-8941-a4541a890bd5', N'testuser83@gmail.com', 0, N'Test', N'User 83', 1, NULL, N'TESTUSER83@GMAIL.COM', N'TESTUSER83@GMAIL.COM', N'AQAAAAEAACcQAAAAEOjjJkiczqDo8wT2dJT2cG61UwiiJ1XORTpOO8MRYBNplcUobkDCMzLyEXAbFVGbYA==', NULL, 0, N'bf562b9c-bc86-492a-995d-2bbe56b5c29d', 0, N'testuser83@gmail.com')
GO
INSERT [dbo].[AspNetUsers] ([Id], [AccessFailedCount], [ConcurrencyStamp], [Email], [EmailConfirmed], [FirstName], [LastName], [LockoutEnabled], [LockoutEnd], [NormalizedEmail], [NormalizedUserName], [PasswordHash], [PhoneNumber], [PhoneNumberConfirmed], [SecurityStamp], [TwoFactorEnabled], [UserName]) VALUES (N'e3f9d91b-972d-41ae-ab31-98ce420ef666', 0, N'c2697f33-af10-4b0d-8512-0b7c78648384', N'testuser34@gmail.com', 0, N'Test', N'User 34', 1, NULL, N'TESTUSER34@GMAIL.COM', N'TESTUSER34@GMAIL.COM', N'AQAAAAEAACcQAAAAEMPHCo/48Me/ZNziKT2e3lihjcyHTGXcLmMghFNiuvkj4ZQ7Js7txFtFRMkjEswhZQ==', NULL, 0, N'45442e17-a4e6-45f7-9db4-8779f5cfa5a7', 0, N'testuser34@gmail.com')
GO
INSERT [dbo].[AspNetUsers] ([Id], [AccessFailedCount], [ConcurrencyStamp], [Email], [EmailConfirmed], [FirstName], [LastName], [LockoutEnabled], [LockoutEnd], [NormalizedEmail], [NormalizedUserName], [PasswordHash], [PhoneNumber], [PhoneNumberConfirmed], [SecurityStamp], [TwoFactorEnabled], [UserName]) VALUES (N'e7cbd743-2cd5-4516-94a9-3559ccee594c', 0, N'7a2b9d49-6f58-4efc-9345-cf4b8232365d', N'testuser56@gmail.com', 0, N'Test', N'User 56', 1, NULL, N'TESTUSER56@GMAIL.COM', N'TESTUSER56@GMAIL.COM', N'AQAAAAEAACcQAAAAEPp51H56GVKTvHeB6SfcopVDlzc3XH+fsv1gJzjapa6kQ/20kYupc9BlKhWh7W7pkQ==', NULL, 0, N'50c83ad8-d36d-4dd9-a015-0900a2531dca', 0, N'testuser56@gmail.com')
GO
INSERT [dbo].[AspNetUsers] ([Id], [AccessFailedCount], [ConcurrencyStamp], [Email], [EmailConfirmed], [FirstName], [LastName], [LockoutEnabled], [LockoutEnd], [NormalizedEmail], [NormalizedUserName], [PasswordHash], [PhoneNumber], [PhoneNumberConfirmed], [SecurityStamp], [TwoFactorEnabled], [UserName]) VALUES (N'e95b0852-69c2-4dfb-bb88-a65eb0fea758', 0, N'1a7db9e0-f153-4842-81a0-5135b37234d9', N'testuser32@gmail.com', 0, N'Test', N'User 32', 1, NULL, N'TESTUSER32@GMAIL.COM', N'TESTUSER32@GMAIL.COM', N'AQAAAAEAACcQAAAAEGn8/EXX/dHojU3P+Pl7IsGiDWfXK7sdJLtd3sbNCn6vHpueAOEMJ+rBEyF3H6JHHg==', NULL, 0, N'daa08ed9-499d-48fd-9188-21b68de264ac', 0, N'testuser32@gmail.com')
GO
INSERT [dbo].[AspNetUsers] ([Id], [AccessFailedCount], [ConcurrencyStamp], [Email], [EmailConfirmed], [FirstName], [LastName], [LockoutEnabled], [LockoutEnd], [NormalizedEmail], [NormalizedUserName], [PasswordHash], [PhoneNumber], [PhoneNumberConfirmed], [SecurityStamp], [TwoFactorEnabled], [UserName]) VALUES (N'ebfae3c8-ce11-4b5e-b1c2-ab987102ff93', 0, N'9a0c7f10-569e-46ff-9acb-e1f0c1093f1a', N'testuser11@gmail.com', 0, N'Test', N'User 11', 1, NULL, N'TESTUSER11@GMAIL.COM', N'TESTUSER11@GMAIL.COM', N'AQAAAAEAACcQAAAAEBiZdZ0I7ERcdI9T+G9rf2U4qP3vjTYi7UcH2x+Ryk1Bj7FhZUSctxDeYNwtC/n7vA==', NULL, 0, N'd50f1e53-6d75-4e51-ac33-cb780056576a', 0, N'testuser11@gmail.com')
GO
INSERT [dbo].[AspNetUsers] ([Id], [AccessFailedCount], [ConcurrencyStamp], [Email], [EmailConfirmed], [FirstName], [LastName], [LockoutEnabled], [LockoutEnd], [NormalizedEmail], [NormalizedUserName], [PasswordHash], [PhoneNumber], [PhoneNumberConfirmed], [SecurityStamp], [TwoFactorEnabled], [UserName]) VALUES (N'ed2e3022-ac61-4610-a57e-7170536c2ad5', 0, N'a48a414c-c755-4758-994e-d6497473f047', N'testuser73@gmail.com', 0, N'Test', N'User 73', 1, NULL, N'TESTUSER73@GMAIL.COM', N'TESTUSER73@GMAIL.COM', N'AQAAAAEAACcQAAAAEIjv/PhhD/1LsWD+bywQv0fo6VFI/x308bYGF7usAKPxqLusRWoPkbhN0WnUHtjBpA==', NULL, 0, N'f44c58d6-0243-42de-b480-76b7954a3ab9', 0, N'testuser73@gmail.com')
GO
INSERT [dbo].[AspNetUsers] ([Id], [AccessFailedCount], [ConcurrencyStamp], [Email], [EmailConfirmed], [FirstName], [LastName], [LockoutEnabled], [LockoutEnd], [NormalizedEmail], [NormalizedUserName], [PasswordHash], [PhoneNumber], [PhoneNumberConfirmed], [SecurityStamp], [TwoFactorEnabled], [UserName]) VALUES (N'ee0b009b-79b8-4faa-acdf-bb3e5c3a99d1', 0, N'5545afb6-fc80-4fff-bfc3-060024b2cf3b', N'testuser81@gmail.com', 0, N'Test', N'User 81', 1, NULL, N'TESTUSER81@GMAIL.COM', N'TESTUSER81@GMAIL.COM', N'AQAAAAEAACcQAAAAEJpv3/6W6nkTxF5ul0A2OSE7CgfwLs6tvYtZ/fqniRX/+Gw4W4Q0NKUsqUxtDcbDEA==', NULL, 0, N'2d7bf904-4e4b-4406-afaf-42b6de710e18', 0, N'testuser81@gmail.com')
GO
INSERT [dbo].[AspNetUsers] ([Id], [AccessFailedCount], [ConcurrencyStamp], [Email], [EmailConfirmed], [FirstName], [LastName], [LockoutEnabled], [LockoutEnd], [NormalizedEmail], [NormalizedUserName], [PasswordHash], [PhoneNumber], [PhoneNumberConfirmed], [SecurityStamp], [TwoFactorEnabled], [UserName]) VALUES (N'efce4531-2c62-451c-9594-8b1e369f840b', 0, N'0a6d3c30-5606-4429-b27f-7b37995b09b3', N'testuser43@gmail.com', 0, N'Test', N'User 43', 1, NULL, N'TESTUSER43@GMAIL.COM', N'TESTUSER43@GMAIL.COM', N'AQAAAAEAACcQAAAAEM6xUpL5czrPg5yXIhIln/DSJy4aPyyaak6QTbbQYkmW2pGvBezu9QzWsjSlTRyZLg==', NULL, 0, N'f5896f5f-fef1-4ea3-8946-6d135728420d', 0, N'testuser43@gmail.com')
GO
INSERT [dbo].[AspNetUsers] ([Id], [AccessFailedCount], [ConcurrencyStamp], [Email], [EmailConfirmed], [FirstName], [LastName], [LockoutEnabled], [LockoutEnd], [NormalizedEmail], [NormalizedUserName], [PasswordHash], [PhoneNumber], [PhoneNumberConfirmed], [SecurityStamp], [TwoFactorEnabled], [UserName]) VALUES (N'f418aaf1-b878-44b0-9c6c-494b8320febd', 0, N'f63270b2-c250-4ce9-8349-99e32647561b', N'testuser28@gmail.com', 0, N'Test', N'User 28', 1, NULL, N'TESTUSER28@GMAIL.COM', N'TESTUSER28@GMAIL.COM', N'AQAAAAEAACcQAAAAEHH2MaFxLTT2RgKRvgjdr2480ANIxYZahpi6CT9b+71jOaJnIgx3t1lI/BcMYR4Cog==', NULL, 0, N'b0529c81-7bd9-4bc2-81c5-7b1d4fe46ca2', 0, N'testuser28@gmail.com')
GO
INSERT [dbo].[AspNetUsers] ([Id], [AccessFailedCount], [ConcurrencyStamp], [Email], [EmailConfirmed], [FirstName], [LastName], [LockoutEnabled], [LockoutEnd], [NormalizedEmail], [NormalizedUserName], [PasswordHash], [PhoneNumber], [PhoneNumberConfirmed], [SecurityStamp], [TwoFactorEnabled], [UserName]) VALUES (N'f721f1b0-c8cd-432b-bf73-faf642bb1d83', 0, N'95d34e2f-4e77-44fb-bb6c-c0d20c1e9d02', N'testuser66@gmail.com', 0, N'Test', N'User 66', 1, NULL, N'TESTUSER66@GMAIL.COM', N'TESTUSER66@GMAIL.COM', N'AQAAAAEAACcQAAAAEPJ1Q+4qKvbLZcO7ZwwmUN6HmXvM1TrmmIwo+YE2jEBNm2fBfqPnpboFhk7oGCN4NQ==', NULL, 0, N'84423a27-8aef-4ad8-9e96-7b786898d082', 0, N'testuser66@gmail.com')
GO
INSERT [dbo].[AspNetUsers] ([Id], [AccessFailedCount], [ConcurrencyStamp], [Email], [EmailConfirmed], [FirstName], [LastName], [LockoutEnabled], [LockoutEnd], [NormalizedEmail], [NormalizedUserName], [PasswordHash], [PhoneNumber], [PhoneNumberConfirmed], [SecurityStamp], [TwoFactorEnabled], [UserName]) VALUES (N'f736e1c7-f558-454a-8bb7-d5185d7b6ce5', 0, N'43dc5412-efd4-403f-b659-336860f3a743', N'testmanager4@gmail.com', 0, N'Test', N'Manager 4', 1, NULL, N'TESTMANAGER4@GMAIL.COM', N'TESTMANAGER4@GMAIL.COM', N'AQAAAAEAACcQAAAAELs/3ehWHGZND47RFcBjYWXO0ljNYaGU29vStUBSHaGjW9b4MwXr6oAGfB7yLQqnlw==', NULL, 0, N'35d2fcbc-bf24-4103-ae43-81dbe73e4cc4', 0, N'testmanager4@gmail.com')
GO
INSERT [dbo].[AspNetUsers] ([Id], [AccessFailedCount], [ConcurrencyStamp], [Email], [EmailConfirmed], [FirstName], [LastName], [LockoutEnabled], [LockoutEnd], [NormalizedEmail], [NormalizedUserName], [PasswordHash], [PhoneNumber], [PhoneNumberConfirmed], [SecurityStamp], [TwoFactorEnabled], [UserName]) VALUES (N'f9e2d56f-900a-4781-ab7e-a94a697a1b9b', 0, N'85d23f87-d2df-453d-9875-fab2e64f0517', N'testuser58@gmail.com', 0, N'Test', N'User 58', 1, NULL, N'TESTUSER58@GMAIL.COM', N'TESTUSER58@GMAIL.COM', N'AQAAAAEAACcQAAAAEEcCROLJxaW7cvIv7FqsFBsroTcMWHwwaqEMwong6jUZ63ZlTr24+bQ2wRlcLU6W+Q==', NULL, 0, N'67ca92f0-8f96-4674-a820-9d9691e64246', 0, N'testuser58@gmail.com')
GO
INSERT [dbo].[AspNetUsers] ([Id], [AccessFailedCount], [ConcurrencyStamp], [Email], [EmailConfirmed], [FirstName], [LastName], [LockoutEnabled], [LockoutEnd], [NormalizedEmail], [NormalizedUserName], [PasswordHash], [PhoneNumber], [PhoneNumberConfirmed], [SecurityStamp], [TwoFactorEnabled], [UserName]) VALUES (N'f9fef084-fccd-46ec-b531-60a811c1487f', 0, N'636c86c2-b655-4be0-9029-8241c01a743c', N'testuser59@gmail.com', 0, N'Test', N'User 59', 1, NULL, N'TESTUSER59@GMAIL.COM', N'TESTUSER59@GMAIL.COM', N'AQAAAAEAACcQAAAAEI03qVPbf2y/ujpQC/Prup2KyjBkksZ/0aVNjIK69nVhD24i8pG3gL8IQTPmwLEJHw==', NULL, 0, N'9958dba4-26d5-474c-9c2c-5a827f7c960d', 0, N'testuser59@gmail.com')
GO
INSERT [dbo].[AspNetUsers] ([Id], [AccessFailedCount], [ConcurrencyStamp], [Email], [EmailConfirmed], [FirstName], [LastName], [LockoutEnabled], [LockoutEnd], [NormalizedEmail], [NormalizedUserName], [PasswordHash], [PhoneNumber], [PhoneNumberConfirmed], [SecurityStamp], [TwoFactorEnabled], [UserName]) VALUES (N'fa41acb6-26e6-4625-8d92-ff3ad84d782d', 0, N'c44db0b2-81f2-4daa-9a0b-fe1bd610c452', N'testuser45@gmail.com', 0, N'Test', N'User 45', 1, NULL, N'TESTUSER45@GMAIL.COM', N'TESTUSER45@GMAIL.COM', N'AQAAAAEAACcQAAAAEMqOizFNanEmjPQe/hdCclNv9ppKvXB6q3i8K3KHnMPPMommkYPiGxU5bKXZWZJe7g==', NULL, 0, N'25a23a04-3829-4e17-92ed-a9abb0a04a5c', 0, N'testuser45@gmail.com')
GO
INSERT [dbo].[AspNetUsers] ([Id], [AccessFailedCount], [ConcurrencyStamp], [Email], [EmailConfirmed], [FirstName], [LastName], [LockoutEnabled], [LockoutEnd], [NormalizedEmail], [NormalizedUserName], [PasswordHash], [PhoneNumber], [PhoneNumberConfirmed], [SecurityStamp], [TwoFactorEnabled], [UserName]) VALUES (N'fb14f0ec-1351-4540-bca3-724413a919e5', 0, N'af9e0e88-da9b-4b84-a317-fcb8b53f8675', N'testuser86@gmail.com', 0, N'Test', N'User 86', 1, NULL, N'TESTUSER86@GMAIL.COM', N'TESTUSER86@GMAIL.COM', N'AQAAAAEAACcQAAAAEFsw8TUgl/9H3Eht9rf+JSORsAQxhXMhlInyCRC9VghuggE7KTZgH4EyP3VagbEDhQ==', NULL, 0, N'cbf8c59b-841e-4a8e-8e30-94683656fd9f', 0, N'testuser86@gmail.com')
GO
INSERT [dbo].[AspNetUsers] ([Id], [AccessFailedCount], [ConcurrencyStamp], [Email], [EmailConfirmed], [FirstName], [LastName], [LockoutEnabled], [LockoutEnd], [NormalizedEmail], [NormalizedUserName], [PasswordHash], [PhoneNumber], [PhoneNumberConfirmed], [SecurityStamp], [TwoFactorEnabled], [UserName]) VALUES (N'fe93fa90-31ed-4b1b-ab99-22dee89d4fdb', 0, N'6e2147f8-9746-4753-9313-68920de6f9a6', N'testuser93@gmail.com', 0, N'Test', N'User 93', 1, NULL, N'TESTUSER93@GMAIL.COM', N'TESTUSER93@GMAIL.COM', N'AQAAAAEAACcQAAAAECcpPG/HWr00jjMAYMGp6nGMdB3cne82MDSka4ofM+cX6dlwNgdibZy4/hzj6hyQ9w==', NULL, 0, N'ccb08ff1-8fa6-46f8-a79c-1f1c577b2fe1', 0, N'testuser93@gmail.com')
GO
INSERT [dbo].[AspNetUsers] ([Id], [AccessFailedCount], [ConcurrencyStamp], [Email], [EmailConfirmed], [FirstName], [LastName], [LockoutEnabled], [LockoutEnd], [NormalizedEmail], [NormalizedUserName], [PasswordHash], [PhoneNumber], [PhoneNumberConfirmed], [SecurityStamp], [TwoFactorEnabled], [UserName]) VALUES (N'fed49937-c003-432d-9928-afd97f1d18be', 0, N'7e77fd39-4e1a-4209-8a3a-58f87d652fa0', N'testuser17@gmail.com', 0, N'Test', N'User 17', 1, NULL, N'TESTUSER17@GMAIL.COM', N'TESTUSER17@GMAIL.COM', N'AQAAAAEAACcQAAAAEOFfgdjUe4HexEZ8LzNS3Lcfvk8NHJqAKGwVN/5XQrmOyAAgXWQ2+3GRMz/rlQO9fw==', NULL, 0, N'1d0d802e-c055-4992-ad6d-f0c9646aeef1', 0, N'testuser17@gmail.com')
GO
INSERT [dbo].[AspNetUserRoles] ([UserId], [RoleId]) VALUES (N'010da41f-90e4-459a-b9b7-0c3f7f7f0a5a', N'a828c6ab-a5a2-48ac-aca8-5866b40462da')
GO
INSERT [dbo].[AspNetUserRoles] ([UserId], [RoleId]) VALUES (N'02556b7a-b0dd-4bc0-8394-a14b7a84f32e', N'a828c6ab-a5a2-48ac-aca8-5866b40462da')
GO
INSERT [dbo].[AspNetUserRoles] ([UserId], [RoleId]) VALUES (N'03e92ea2-9434-4bf1-8941-fcf36617d06e', N'a828c6ab-a5a2-48ac-aca8-5866b40462da')
GO
INSERT [dbo].[AspNetUserRoles] ([UserId], [RoleId]) VALUES (N'06d48b24-3878-4b34-ae40-c20bd5c40b7b', N'a828c6ab-a5a2-48ac-aca8-5866b40462da')
GO
INSERT [dbo].[AspNetUserRoles] ([UserId], [RoleId]) VALUES (N'0bc9ccc3-7645-47f2-b971-24326784220b', N'a828c6ab-a5a2-48ac-aca8-5866b40462da')
GO
INSERT [dbo].[AspNetUserRoles] ([UserId], [RoleId]) VALUES (N'0ece335b-5411-4ae2-af01-95bedf178964', N'a828c6ab-a5a2-48ac-aca8-5866b40462da')
GO
INSERT [dbo].[AspNetUserRoles] ([UserId], [RoleId]) VALUES (N'101d18ae-02e0-4359-8d65-23bb31cc8fc9', N'a828c6ab-a5a2-48ac-aca8-5866b40462da')
GO
INSERT [dbo].[AspNetUserRoles] ([UserId], [RoleId]) VALUES (N'11459927-47a7-44e8-8477-86e814fd73bb', N'a828c6ab-a5a2-48ac-aca8-5866b40462da')
GO
INSERT [dbo].[AspNetUserRoles] ([UserId], [RoleId]) VALUES (N'11703580-24fd-4471-a3c0-e1d6c095e8d5', N'a828c6ab-a5a2-48ac-aca8-5866b40462da')
GO
INSERT [dbo].[AspNetUserRoles] ([UserId], [RoleId]) VALUES (N'15a46db0-758d-4746-9b01-704865cf9b56', N'a828c6ab-a5a2-48ac-aca8-5866b40462da')
GO
INSERT [dbo].[AspNetUserRoles] ([UserId], [RoleId]) VALUES (N'1a5d1528-7795-4df6-aab5-2fc8b7d782f2', N'a828c6ab-a5a2-48ac-aca8-5866b40462da')
GO
INSERT [dbo].[AspNetUserRoles] ([UserId], [RoleId]) VALUES (N'1f364ed7-dd0d-4693-b744-fa062a33af92', N'a828c6ab-a5a2-48ac-aca8-5866b40462da')
GO
INSERT [dbo].[AspNetUserRoles] ([UserId], [RoleId]) VALUES (N'1f655304-b5a2-4ab3-be84-09050b243756', N'a828c6ab-a5a2-48ac-aca8-5866b40462da')
GO
INSERT [dbo].[AspNetUserRoles] ([UserId], [RoleId]) VALUES (N'1f922520-fa20-496b-b6e8-6c52acbe1175', N'a828c6ab-a5a2-48ac-aca8-5866b40462da')
GO
INSERT [dbo].[AspNetUserRoles] ([UserId], [RoleId]) VALUES (N'1faeca82-5061-4984-8ada-1010841047bd', N'a828c6ab-a5a2-48ac-aca8-5866b40462da')
GO
INSERT [dbo].[AspNetUserRoles] ([UserId], [RoleId]) VALUES (N'26e98f1f-a6b2-46da-9adf-7364519a6dc6', N'a828c6ab-a5a2-48ac-aca8-5866b40462da')
GO
INSERT [dbo].[AspNetUserRoles] ([UserId], [RoleId]) VALUES (N'279c292b-70d6-4742-a32c-3ca2c4ce965a', N'a828c6ab-a5a2-48ac-aca8-5866b40462da')
GO
INSERT [dbo].[AspNetUserRoles] ([UserId], [RoleId]) VALUES (N'27a0f623-29a3-4d18-83d2-2d37fa77e9b0', N'a828c6ab-a5a2-48ac-aca8-5866b40462da')
GO
INSERT [dbo].[AspNetUserRoles] ([UserId], [RoleId]) VALUES (N'290cf509-62d8-4d5d-ab08-e888331d80af', N'a828c6ab-a5a2-48ac-aca8-5866b40462da')
GO
INSERT [dbo].[AspNetUserRoles] ([UserId], [RoleId]) VALUES (N'2e9760b2-b68c-47db-8043-9f3f7284bc50', N'a828c6ab-a5a2-48ac-aca8-5866b40462da')
GO
INSERT [dbo].[AspNetUserRoles] ([UserId], [RoleId]) VALUES (N'38c4f396-381d-463a-bc47-806d76d1b47f', N'a828c6ab-a5a2-48ac-aca8-5866b40462da')
GO
INSERT [dbo].[AspNetUserRoles] ([UserId], [RoleId]) VALUES (N'3a975466-bb5f-4651-ad2a-37eb14d61872', N'a828c6ab-a5a2-48ac-aca8-5866b40462da')
GO
INSERT [dbo].[AspNetUserRoles] ([UserId], [RoleId]) VALUES (N'3ab467bb-45b1-4c11-88c5-a49a9bb1e7e8', N'a828c6ab-a5a2-48ac-aca8-5866b40462da')
GO
INSERT [dbo].[AspNetUserRoles] ([UserId], [RoleId]) VALUES (N'3aff0aae-bcb8-4362-ab55-b975eadc21ee', N'a828c6ab-a5a2-48ac-aca8-5866b40462da')
GO
INSERT [dbo].[AspNetUserRoles] ([UserId], [RoleId]) VALUES (N'3be0fb03-b5a7-463e-b7e4-61a207f3dd4d', N'a828c6ab-a5a2-48ac-aca8-5866b40462da')
GO
INSERT [dbo].[AspNetUserRoles] ([UserId], [RoleId]) VALUES (N'3f083951-8793-4cea-acea-4b82f25c99e5', N'a828c6ab-a5a2-48ac-aca8-5866b40462da')
GO
INSERT [dbo].[AspNetUserRoles] ([UserId], [RoleId]) VALUES (N'4021c958-c0bb-4b5e-809e-b661e6543d5d', N'a828c6ab-a5a2-48ac-aca8-5866b40462da')
GO
INSERT [dbo].[AspNetUserRoles] ([UserId], [RoleId]) VALUES (N'42439942-3187-472c-b1ea-eb8b840ead90', N'a828c6ab-a5a2-48ac-aca8-5866b40462da')
GO
INSERT [dbo].[AspNetUserRoles] ([UserId], [RoleId]) VALUES (N'44d98774-591a-4489-9a54-3fd22bdfacc5', N'a828c6ab-a5a2-48ac-aca8-5866b40462da')
GO
INSERT [dbo].[AspNetUserRoles] ([UserId], [RoleId]) VALUES (N'44e1e039-e967-4c4e-951b-fee1e3d2b401', N'a828c6ab-a5a2-48ac-aca8-5866b40462da')
GO
INSERT [dbo].[AspNetUserRoles] ([UserId], [RoleId]) VALUES (N'450cca37-bca5-461d-9ff1-54959fad683c', N'a828c6ab-a5a2-48ac-aca8-5866b40462da')
GO
INSERT [dbo].[AspNetUserRoles] ([UserId], [RoleId]) VALUES (N'4d689470-78ac-47ab-b111-c85de0c18626', N'a828c6ab-a5a2-48ac-aca8-5866b40462da')
GO
INSERT [dbo].[AspNetUserRoles] ([UserId], [RoleId]) VALUES (N'51c5c669-3e0c-400d-ba61-d7de58eaa757', N'a828c6ab-a5a2-48ac-aca8-5866b40462da')
GO
INSERT [dbo].[AspNetUserRoles] ([UserId], [RoleId]) VALUES (N'5251fa93-dc55-4c3d-ab24-151cb8760332', N'a828c6ab-a5a2-48ac-aca8-5866b40462da')
GO
INSERT [dbo].[AspNetUserRoles] ([UserId], [RoleId]) VALUES (N'52bc3a6e-e794-4f6c-a33a-e0da2b10ce3f', N'a828c6ab-a5a2-48ac-aca8-5866b40462da')
GO
INSERT [dbo].[AspNetUserRoles] ([UserId], [RoleId]) VALUES (N'551cf6e8-daf1-494f-865d-ce3647deea6c', N'a828c6ab-a5a2-48ac-aca8-5866b40462da')
GO
INSERT [dbo].[AspNetUserRoles] ([UserId], [RoleId]) VALUES (N'56cb1a78-388c-4202-9b41-5ddcd4229810', N'a828c6ab-a5a2-48ac-aca8-5866b40462da')
GO
INSERT [dbo].[AspNetUserRoles] ([UserId], [RoleId]) VALUES (N'57b98ed9-ca61-4d1e-921f-7a0223714633', N'a828c6ab-a5a2-48ac-aca8-5866b40462da')
GO
INSERT [dbo].[AspNetUserRoles] ([UserId], [RoleId]) VALUES (N'60e1ec34-a2b8-4ad4-be7f-333e1419eea7', N'a828c6ab-a5a2-48ac-aca8-5866b40462da')
GO
INSERT [dbo].[AspNetUserRoles] ([UserId], [RoleId]) VALUES (N'61b4309f-3f30-4fa5-a75f-21e30838c1c5', N'a828c6ab-a5a2-48ac-aca8-5866b40462da')
GO
INSERT [dbo].[AspNetUserRoles] ([UserId], [RoleId]) VALUES (N'626a8964-43c7-4353-9890-9eaed9fd2392', N'a828c6ab-a5a2-48ac-aca8-5866b40462da')
GO
INSERT [dbo].[AspNetUserRoles] ([UserId], [RoleId]) VALUES (N'687ae72c-4ef9-4698-9985-b0e11f588c76', N'a828c6ab-a5a2-48ac-aca8-5866b40462da')
GO
INSERT [dbo].[AspNetUserRoles] ([UserId], [RoleId]) VALUES (N'68c553af-daba-4b30-bd5d-0a6dcc111777', N'a828c6ab-a5a2-48ac-aca8-5866b40462da')
GO
INSERT [dbo].[AspNetUserRoles] ([UserId], [RoleId]) VALUES (N'692c579d-7ba0-47c4-b61d-3fd312264d68', N'a828c6ab-a5a2-48ac-aca8-5866b40462da')
GO
INSERT [dbo].[AspNetUserRoles] ([UserId], [RoleId]) VALUES (N'6b55c6d2-b4a5-4bb8-af9c-155b06d56291', N'a828c6ab-a5a2-48ac-aca8-5866b40462da')
GO
INSERT [dbo].[AspNetUserRoles] ([UserId], [RoleId]) VALUES (N'6fbaa11e-8378-4129-85bf-1b467c5810af', N'a828c6ab-a5a2-48ac-aca8-5866b40462da')
GO
INSERT [dbo].[AspNetUserRoles] ([UserId], [RoleId]) VALUES (N'737a59d3-3578-408e-878a-16e2735d6c07', N'a828c6ab-a5a2-48ac-aca8-5866b40462da')
GO
INSERT [dbo].[AspNetUserRoles] ([UserId], [RoleId]) VALUES (N'758e205d-897c-483c-b30b-a9d050577087', N'a828c6ab-a5a2-48ac-aca8-5866b40462da')
GO
INSERT [dbo].[AspNetUserRoles] ([UserId], [RoleId]) VALUES (N'760b315a-cee0-4539-8626-77c8d13e7336', N'a828c6ab-a5a2-48ac-aca8-5866b40462da')
GO
INSERT [dbo].[AspNetUserRoles] ([UserId], [RoleId]) VALUES (N'79d239d3-0319-4674-a05b-252bbaa9397a', N'a828c6ab-a5a2-48ac-aca8-5866b40462da')
GO
INSERT [dbo].[AspNetUserRoles] ([UserId], [RoleId]) VALUES (N'7c39ecbc-f1df-4de4-8660-2afe7ccb11b0', N'a828c6ab-a5a2-48ac-aca8-5866b40462da')
GO
INSERT [dbo].[AspNetUserRoles] ([UserId], [RoleId]) VALUES (N'82ec2294-8578-4c5e-8333-cc8451ec82c5', N'a828c6ab-a5a2-48ac-aca8-5866b40462da')
GO
INSERT [dbo].[AspNetUserRoles] ([UserId], [RoleId]) VALUES (N'8952d515-05d0-4318-959a-2f61a2a6d58e', N'a828c6ab-a5a2-48ac-aca8-5866b40462da')
GO
INSERT [dbo].[AspNetUserRoles] ([UserId], [RoleId]) VALUES (N'90dc4cc7-2ab7-417a-96bd-777d9c7c9a6d', N'a828c6ab-a5a2-48ac-aca8-5866b40462da')
GO
INSERT [dbo].[AspNetUserRoles] ([UserId], [RoleId]) VALUES (N'9fd41807-1f63-4361-9d28-d6d0841cdac6', N'a828c6ab-a5a2-48ac-aca8-5866b40462da')
GO
INSERT [dbo].[AspNetUserRoles] ([UserId], [RoleId]) VALUES (N'a00b5087-1cc0-4f5c-b687-843e69e29098', N'a828c6ab-a5a2-48ac-aca8-5866b40462da')
GO
INSERT [dbo].[AspNetUserRoles] ([UserId], [RoleId]) VALUES (N'a0d0e66f-d398-4ca5-bd3c-9896c0c90ba5', N'a828c6ab-a5a2-48ac-aca8-5866b40462da')
GO
INSERT [dbo].[AspNetUserRoles] ([UserId], [RoleId]) VALUES (N'a45d963d-d48e-47bc-afac-54560d3066c2', N'a828c6ab-a5a2-48ac-aca8-5866b40462da')
GO
INSERT [dbo].[AspNetUserRoles] ([UserId], [RoleId]) VALUES (N'a7ed1730-5f5b-40ba-b322-6a8f12b11631', N'a828c6ab-a5a2-48ac-aca8-5866b40462da')
GO
INSERT [dbo].[AspNetUserRoles] ([UserId], [RoleId]) VALUES (N'a92310c0-db27-42cf-b81c-330f3327e812', N'a828c6ab-a5a2-48ac-aca8-5866b40462da')
GO
INSERT [dbo].[AspNetUserRoles] ([UserId], [RoleId]) VALUES (N'ab05d4fe-26c9-40a6-b657-183cc1621d52', N'a828c6ab-a5a2-48ac-aca8-5866b40462da')
GO
INSERT [dbo].[AspNetUserRoles] ([UserId], [RoleId]) VALUES (N'ab8b2ae7-ebc6-41e0-865a-f86ad4ed95df', N'a828c6ab-a5a2-48ac-aca8-5866b40462da')
GO
INSERT [dbo].[AspNetUserRoles] ([UserId], [RoleId]) VALUES (N'ac244535-376b-424b-90e5-2dfe3388f0ba', N'a828c6ab-a5a2-48ac-aca8-5866b40462da')
GO
INSERT [dbo].[AspNetUserRoles] ([UserId], [RoleId]) VALUES (N'add171e4-be1b-44dd-b880-e8d27db62e68', N'a828c6ab-a5a2-48ac-aca8-5866b40462da')
GO
INSERT [dbo].[AspNetUserRoles] ([UserId], [RoleId]) VALUES (N'b0b0c72a-fb94-4d34-8ab1-adf7074f97a9', N'a828c6ab-a5a2-48ac-aca8-5866b40462da')
GO
INSERT [dbo].[AspNetUserRoles] ([UserId], [RoleId]) VALUES (N'b16de8b0-de01-4cb7-8cfb-a6340713ee42', N'a828c6ab-a5a2-48ac-aca8-5866b40462da')
GO
INSERT [dbo].[AspNetUserRoles] ([UserId], [RoleId]) VALUES (N'b372c7e2-9a89-47a6-8388-1d03694762be', N'a828c6ab-a5a2-48ac-aca8-5866b40462da')
GO
INSERT [dbo].[AspNetUserRoles] ([UserId], [RoleId]) VALUES (N'b9805a5d-dbbc-4519-9cfb-f43e5e390e06', N'a828c6ab-a5a2-48ac-aca8-5866b40462da')
GO
INSERT [dbo].[AspNetUserRoles] ([UserId], [RoleId]) VALUES (N'b99e5cce-92b1-4a9b-b602-570362bda3fd', N'a828c6ab-a5a2-48ac-aca8-5866b40462da')
GO
INSERT [dbo].[AspNetUserRoles] ([UserId], [RoleId]) VALUES (N'c0c7d030-47ef-47d3-9a3a-2cb1eeac5ac3', N'a828c6ab-a5a2-48ac-aca8-5866b40462da')
GO
INSERT [dbo].[AspNetUserRoles] ([UserId], [RoleId]) VALUES (N'c32c72b8-fdca-44d9-beb4-de28a9461300', N'a828c6ab-a5a2-48ac-aca8-5866b40462da')
GO
INSERT [dbo].[AspNetUserRoles] ([UserId], [RoleId]) VALUES (N'c39dd898-b5d8-487c-9a9d-90dda27f68a7', N'a828c6ab-a5a2-48ac-aca8-5866b40462da')
GO
INSERT [dbo].[AspNetUserRoles] ([UserId], [RoleId]) VALUES (N'c3eede26-bd89-4be6-9b1e-5e7b7d52ac75', N'a828c6ab-a5a2-48ac-aca8-5866b40462da')
GO
INSERT [dbo].[AspNetUserRoles] ([UserId], [RoleId]) VALUES (N'c5859773-2c71-44c7-a979-6090f692fb39', N'a828c6ab-a5a2-48ac-aca8-5866b40462da')
GO
INSERT [dbo].[AspNetUserRoles] ([UserId], [RoleId]) VALUES (N'c9d0ef87-e550-490b-91a4-e364f1d2e31f', N'a828c6ab-a5a2-48ac-aca8-5866b40462da')
GO
INSERT [dbo].[AspNetUserRoles] ([UserId], [RoleId]) VALUES (N'ca3b525d-327d-45a4-bfb1-f88dbddd1adc', N'a828c6ab-a5a2-48ac-aca8-5866b40462da')
GO
INSERT [dbo].[AspNetUserRoles] ([UserId], [RoleId]) VALUES (N'ca41ba13-97e2-4a9f-96e1-838675e1b0cb', N'a828c6ab-a5a2-48ac-aca8-5866b40462da')
GO
INSERT [dbo].[AspNetUserRoles] ([UserId], [RoleId]) VALUES (N'cc21d501-c798-4226-880f-2b2cd09fd3ab', N'a828c6ab-a5a2-48ac-aca8-5866b40462da')
GO
INSERT [dbo].[AspNetUserRoles] ([UserId], [RoleId]) VALUES (N'cdf28fef-335e-4c5b-b811-41b07c56b003', N'a828c6ab-a5a2-48ac-aca8-5866b40462da')
GO
INSERT [dbo].[AspNetUserRoles] ([UserId], [RoleId]) VALUES (N'cf60c2f4-0ac2-45f8-a353-d1f59b01bc72', N'a828c6ab-a5a2-48ac-aca8-5866b40462da')
GO
INSERT [dbo].[AspNetUserRoles] ([UserId], [RoleId]) VALUES (N'd07ad44a-2785-4a0e-9ecb-0d2a6b4f9d65', N'a828c6ab-a5a2-48ac-aca8-5866b40462da')
GO
INSERT [dbo].[AspNetUserRoles] ([UserId], [RoleId]) VALUES (N'd32194b1-b564-4b5f-81e7-66f995a0d24c', N'a828c6ab-a5a2-48ac-aca8-5866b40462da')
GO
INSERT [dbo].[AspNetUserRoles] ([UserId], [RoleId]) VALUES (N'd3df992f-5105-4cef-a8ba-fbe32d940de1', N'a828c6ab-a5a2-48ac-aca8-5866b40462da')
GO
INSERT [dbo].[AspNetUserRoles] ([UserId], [RoleId]) VALUES (N'd4aafaf8-5458-4cde-9649-e8669290afb2', N'a828c6ab-a5a2-48ac-aca8-5866b40462da')
GO
INSERT [dbo].[AspNetUserRoles] ([UserId], [RoleId]) VALUES (N'd557b8d8-d038-4dad-a99e-4f7f8ec03536', N'a828c6ab-a5a2-48ac-aca8-5866b40462da')
GO
INSERT [dbo].[AspNetUserRoles] ([UserId], [RoleId]) VALUES (N'dbcfc501-a9b4-4bf5-8d54-36b7d001e157', N'a828c6ab-a5a2-48ac-aca8-5866b40462da')
GO
INSERT [dbo].[AspNetUserRoles] ([UserId], [RoleId]) VALUES (N'dfe14107-0b99-4873-915a-dc6b59265622', N'a828c6ab-a5a2-48ac-aca8-5866b40462da')
GO
INSERT [dbo].[AspNetUserRoles] ([UserId], [RoleId]) VALUES (N'e083eeb9-0bb1-494b-866c-0b9f91ccc3e5', N'a828c6ab-a5a2-48ac-aca8-5866b40462da')
GO
INSERT [dbo].[AspNetUserRoles] ([UserId], [RoleId]) VALUES (N'e26ec853-f955-4251-8f0e-3b2788749eba', N'a828c6ab-a5a2-48ac-aca8-5866b40462da')
GO
INSERT [dbo].[AspNetUserRoles] ([UserId], [RoleId]) VALUES (N'e3f9d91b-972d-41ae-ab31-98ce420ef666', N'a828c6ab-a5a2-48ac-aca8-5866b40462da')
GO
INSERT [dbo].[AspNetUserRoles] ([UserId], [RoleId]) VALUES (N'e7cbd743-2cd5-4516-94a9-3559ccee594c', N'a828c6ab-a5a2-48ac-aca8-5866b40462da')
GO
INSERT [dbo].[AspNetUserRoles] ([UserId], [RoleId]) VALUES (N'e95b0852-69c2-4dfb-bb88-a65eb0fea758', N'a828c6ab-a5a2-48ac-aca8-5866b40462da')
GO
INSERT [dbo].[AspNetUserRoles] ([UserId], [RoleId]) VALUES (N'ebfae3c8-ce11-4b5e-b1c2-ab987102ff93', N'a828c6ab-a5a2-48ac-aca8-5866b40462da')
GO
INSERT [dbo].[AspNetUserRoles] ([UserId], [RoleId]) VALUES (N'ed2e3022-ac61-4610-a57e-7170536c2ad5', N'a828c6ab-a5a2-48ac-aca8-5866b40462da')
GO
INSERT [dbo].[AspNetUserRoles] ([UserId], [RoleId]) VALUES (N'ee0b009b-79b8-4faa-acdf-bb3e5c3a99d1', N'a828c6ab-a5a2-48ac-aca8-5866b40462da')
GO
INSERT [dbo].[AspNetUserRoles] ([UserId], [RoleId]) VALUES (N'efce4531-2c62-451c-9594-8b1e369f840b', N'a828c6ab-a5a2-48ac-aca8-5866b40462da')
GO
INSERT [dbo].[AspNetUserRoles] ([UserId], [RoleId]) VALUES (N'f418aaf1-b878-44b0-9c6c-494b8320febd', N'a828c6ab-a5a2-48ac-aca8-5866b40462da')
GO
INSERT [dbo].[AspNetUserRoles] ([UserId], [RoleId]) VALUES (N'f721f1b0-c8cd-432b-bf73-faf642bb1d83', N'a828c6ab-a5a2-48ac-aca8-5866b40462da')
GO
INSERT [dbo].[AspNetUserRoles] ([UserId], [RoleId]) VALUES (N'f736e1c7-f558-454a-8bb7-d5185d7b6ce5', N'a828c6ab-a5a2-48ac-aca8-5866b40462da')
GO
INSERT [dbo].[AspNetUserRoles] ([UserId], [RoleId]) VALUES (N'f9e2d56f-900a-4781-ab7e-a94a697a1b9b', N'a828c6ab-a5a2-48ac-aca8-5866b40462da')
GO
INSERT [dbo].[AspNetUserRoles] ([UserId], [RoleId]) VALUES (N'f9fef084-fccd-46ec-b531-60a811c1487f', N'a828c6ab-a5a2-48ac-aca8-5866b40462da')
GO
INSERT [dbo].[AspNetUserRoles] ([UserId], [RoleId]) VALUES (N'fa41acb6-26e6-4625-8d92-ff3ad84d782d', N'a828c6ab-a5a2-48ac-aca8-5866b40462da')
GO
INSERT [dbo].[AspNetUserRoles] ([UserId], [RoleId]) VALUES (N'fb14f0ec-1351-4540-bca3-724413a919e5', N'a828c6ab-a5a2-48ac-aca8-5866b40462da')
GO
INSERT [dbo].[AspNetUserRoles] ([UserId], [RoleId]) VALUES (N'fe93fa90-31ed-4b1b-ab99-22dee89d4fdb', N'a828c6ab-a5a2-48ac-aca8-5866b40462da')
GO
INSERT [dbo].[AspNetUserRoles] ([UserId], [RoleId]) VALUES (N'fed49937-c003-432d-9928-afd97f1d18be', N'a828c6ab-a5a2-48ac-aca8-5866b40462da')
GO
INSERT [dbo].[AspNetUserRoles] ([UserId], [RoleId]) VALUES (N'd59a9292-24bd-4df7-9a06-256a03188740', N'f5f493db-2b9d-4a15-9a3d-f30a03236085')
GO
INSERT [dbo].[AspNetUserRoles] ([UserId], [RoleId]) VALUES (N'e1382508-5a93-4b47-b3cb-e8fad8ec8dfe', N'f5f493db-2b9d-4a15-9a3d-f30a03236085')
GO
SET IDENTITY_INSERT [dbo].[BikeModels] ON 

GO
INSERT [dbo].[BikeModels] ([BikeModelId], [BikeModelName], [IsActive], [WeightLbs]) VALUES (1, N'Merida', 1, 30.7187538)
GO
INSERT [dbo].[BikeModels] ([BikeModelId], [BikeModelName], [IsActive], [WeightLbs]) VALUES (2, N'Kona', 1, 31.5483646)
GO
INSERT [dbo].[BikeModels] ([BikeModelId], [BikeModelName], [IsActive], [WeightLbs]) VALUES (3, N'Yeti', 1, 37.1223869)
GO
INSERT [dbo].[BikeModels] ([BikeModelId], [BikeModelName], [IsActive], [WeightLbs]) VALUES (4, N'Marin', 1, 28.7609081)
GO
INSERT [dbo].[BikeModels] ([BikeModelId], [BikeModelName], [IsActive], [WeightLbs]) VALUES (5, N'Cannondale', 1, 15.6447363)
GO
INSERT [dbo].[BikeModels] ([BikeModelId], [BikeModelName], [IsActive], [WeightLbs]) VALUES (6, N'Specialized', 1, 33.62012)
GO
INSERT [dbo].[BikeModels] ([BikeModelId], [BikeModelName], [IsActive], [WeightLbs]) VALUES (7, N'Trek', 1, 40.95056)
GO
INSERT [dbo].[BikeModels] ([BikeModelId], [BikeModelName], [IsActive], [WeightLbs]) VALUES (8, N'Santa Cruz', 1, 17.6854649)
GO
INSERT [dbo].[BikeModels] ([BikeModelId], [BikeModelName], [IsActive], [WeightLbs]) VALUES (9, N'GT Bikes', 1, 25.5100918)
GO
INSERT [dbo].[BikeModels] ([BikeModelId], [BikeModelName], [IsActive], [WeightLbs]) VALUES (10, N'Giant', 1, 36.26127)
GO
SET IDENTITY_INSERT [dbo].[BikeModels] OFF
GO
INSERT [dbo].[Colors] ([ColorId], [ColorName], [IsActive]) VALUES (N'000000', N'Black', 1)
GO
INSERT [dbo].[Colors] ([ColorId], [ColorName], [IsActive]) VALUES (N'0000FF', N'Blue', 1)
GO
INSERT [dbo].[Colors] ([ColorId], [ColorName], [IsActive]) VALUES (N'00FF00', N'Green', 1)
GO
INSERT [dbo].[Colors] ([ColorId], [ColorName], [IsActive]) VALUES (N'FF0000', N'Red', 1)
GO
INSERT [dbo].[Colors] ([ColorId], [ColorName], [IsActive]) VALUES (N'FFFFFF', N'White', 1)
GO
SET IDENTITY_INSERT [dbo].[Bikes] ON 

GO
INSERT [dbo].[Bikes] ([BikeId], [AvailableFrom], [BikeModelId], [BikeState], [ColorId], [Created], [CreatedByUserId], [CurrentLocationLat], [CurrentLocationLng], [CurrentLocationName], [CurrentlyAvailable], [IsActive], [RateAverage]) VALUES (1, CAST(N'2018-07-13 16:16:59.0335103' AS DateTime2), 10, 0, N'000000', CAST(N'2018-07-23 23:27:59.0335103' AS DateTime2), N'd59a9292-24bd-4df7-9a06-256a03188740', 44.245451751279404, 84.7569052804061, N'Madrid', 1, 1, 3.82786465)
GO
INSERT [dbo].[Bikes] ([BikeId], [AvailableFrom], [BikeModelId], [BikeState], [ColorId], [Created], [CreatedByUserId], [CurrentLocationLat], [CurrentLocationLng], [CurrentLocationName], [CurrentlyAvailable], [IsActive], [RateAverage]) VALUES (2, CAST(N'2018-07-28 10:21:59.0835104' AS DateTime2), 1, 1, N'0000FF', CAST(N'2018-07-23 23:27:59.0835104' AS DateTime2), N'd59a9292-24bd-4df7-9a06-256a03188740', 18.154497150403671, 158.86234189330708, N'Madrid', 0, 1, 4.799476)
GO
INSERT [dbo].[Bikes] ([BikeId], [AvailableFrom], [BikeModelId], [BikeState], [ColorId], [Created], [CreatedByUserId], [CurrentLocationLat], [CurrentLocationLng], [CurrentLocationName], [CurrentlyAvailable], [IsActive], [RateAverage]) VALUES (3, CAST(N'2018-06-27 14:40:59.0935104' AS DateTime2), 5, 0, N'0000FF', CAST(N'2018-07-23 23:27:59.0935104' AS DateTime2), N'd59a9292-24bd-4df7-9a06-256a03188740', 47.522743331444538, 19.548313150551571, N'Mexico City', 1, 1, 1.15858281)
GO
INSERT [dbo].[Bikes] ([BikeId], [AvailableFrom], [BikeModelId], [BikeState], [ColorId], [Created], [CreatedByUserId], [CurrentLocationLat], [CurrentLocationLng], [CurrentLocationName], [CurrentlyAvailable], [IsActive], [RateAverage]) VALUES (4, CAST(N'2018-07-24 07:34:59.1035104' AS DateTime2), 10, 1, N'00FF00', CAST(N'2018-07-23 23:27:59.1035104' AS DateTime2), N'd59a9292-24bd-4df7-9a06-256a03188740', -44.156761576494553, 85.097190600399472, N'Paris', 0, 1, 3.44791985)
GO
INSERT [dbo].[Bikes] ([BikeId], [AvailableFrom], [BikeModelId], [BikeState], [ColorId], [Created], [CreatedByUserId], [CurrentLocationLat], [CurrentLocationLng], [CurrentLocationName], [CurrentlyAvailable], [IsActive], [RateAverage]) VALUES (5, CAST(N'2018-07-07 06:57:59.1235104' AS DateTime2), 7, 0, N'FFFFFF', CAST(N'2018-07-23 23:27:59.1235104' AS DateTime2), N'd59a9292-24bd-4df7-9a06-256a03188740', -64.524774139060071, -113.38638237369544, N'Moscow', 1, 1, 0.90394485)
GO
INSERT [dbo].[Bikes] ([BikeId], [AvailableFrom], [BikeModelId], [BikeState], [ColorId], [Created], [CreatedByUserId], [CurrentLocationLat], [CurrentLocationLng], [CurrentLocationName], [CurrentlyAvailable], [IsActive], [RateAverage]) VALUES (6, CAST(N'2018-07-01 18:21:59.1335104' AS DateTime2), 9, 0, N'000000', CAST(N'2018-07-23 23:27:59.1335104' AS DateTime2), N'd59a9292-24bd-4df7-9a06-256a03188740', 85.350826613302729, -133.33670667993684, N'Gant', 1, 1, 2.98884273)
GO
INSERT [dbo].[Bikes] ([BikeId], [AvailableFrom], [BikeModelId], [BikeState], [ColorId], [Created], [CreatedByUserId], [CurrentLocationLat], [CurrentLocationLng], [CurrentLocationName], [CurrentlyAvailable], [IsActive], [RateAverage]) VALUES (7, CAST(N'2018-07-15 16:54:59.1435104' AS DateTime2), 6, 0, N'0000FF', CAST(N'2018-07-23 23:27:59.1435104' AS DateTime2), N'd59a9292-24bd-4df7-9a06-256a03188740', 20.573702329105558, -129.40656253574721, N'Dallas', 1, 1, 0.252773345)
GO
INSERT [dbo].[Bikes] ([BikeId], [AvailableFrom], [BikeModelId], [BikeState], [ColorId], [Created], [CreatedByUserId], [CurrentLocationLat], [CurrentLocationLng], [CurrentLocationName], [CurrentlyAvailable], [IsActive], [RateAverage]) VALUES (8, CAST(N'2018-07-25 09:23:59.1535105' AS DateTime2), 2, 1, N'00FF00', CAST(N'2018-07-23 23:27:59.1535105' AS DateTime2), N'd59a9292-24bd-4df7-9a06-256a03188740', 67.2585003437747, 60.95380816653082, N'Los Angeles', 0, 1, 3.38319182)
GO
INSERT [dbo].[Bikes] ([BikeId], [AvailableFrom], [BikeModelId], [BikeState], [ColorId], [Created], [CreatedByUserId], [CurrentLocationLat], [CurrentLocationLng], [CurrentLocationName], [CurrentlyAvailable], [IsActive], [RateAverage]) VALUES (9, CAST(N'2018-07-05 04:38:59.1635105' AS DateTime2), 2, 0, N'FFFFFF', CAST(N'2018-07-23 23:27:59.1635105' AS DateTime2), N'd59a9292-24bd-4df7-9a06-256a03188740', -23.0301094115852, 84.999585181940176, N'Beijing', 1, 1, 1.5186342)
GO
INSERT [dbo].[Bikes] ([BikeId], [AvailableFrom], [BikeModelId], [BikeState], [ColorId], [Created], [CreatedByUserId], [CurrentLocationLat], [CurrentLocationLng], [CurrentLocationName], [CurrentlyAvailable], [IsActive], [RateAverage]) VALUES (10, CAST(N'2018-07-10 04:35:59.1735105' AS DateTime2), 10, 0, N'0000FF', CAST(N'2018-07-23 23:27:59.1735105' AS DateTime2), N'd59a9292-24bd-4df7-9a06-256a03188740', 89.1147636524936, -130.09948407770111, N'Berlin', 1, 1, 1.57458568)
GO
INSERT [dbo].[Bikes] ([BikeId], [AvailableFrom], [BikeModelId], [BikeState], [ColorId], [Created], [CreatedByUserId], [CurrentLocationLat], [CurrentLocationLng], [CurrentLocationName], [CurrentlyAvailable], [IsActive], [RateAverage]) VALUES (11, CAST(N'2018-07-24 07:13:59.1835105' AS DateTime2), 9, 1, N'00FF00', CAST(N'2018-07-23 23:27:59.1835105' AS DateTime2), N'd59a9292-24bd-4df7-9a06-256a03188740', -65.793031275175991, -31.951761847339469, N'Ottawa', 0, 1, 0.9951813)
GO
INSERT [dbo].[Bikes] ([BikeId], [AvailableFrom], [BikeModelId], [BikeState], [ColorId], [Created], [CreatedByUserId], [CurrentLocationLat], [CurrentLocationLng], [CurrentLocationName], [CurrentlyAvailable], [IsActive], [RateAverage]) VALUES (12, CAST(N'2018-07-24 13:55:59.1935105' AS DateTime2), 6, 1, N'000000', CAST(N'2018-07-23 23:27:59.1935105' AS DateTime2), N'd59a9292-24bd-4df7-9a06-256a03188740', -89.183152606330424, 42.127477965377039, N'Lisbon', 0, 1, 3.57611942)
GO
INSERT [dbo].[Bikes] ([BikeId], [AvailableFrom], [BikeModelId], [BikeState], [ColorId], [Created], [CreatedByUserId], [CurrentLocationLat], [CurrentLocationLng], [CurrentLocationName], [CurrentlyAvailable], [IsActive], [RateAverage]) VALUES (13, CAST(N'2018-07-27 18:09:59.2035105' AS DateTime2), 1, 1, N'FF0000', CAST(N'2018-07-23 23:27:59.2035105' AS DateTime2), N'd59a9292-24bd-4df7-9a06-256a03188740', 80.048636668384376, -160.86030832531876, N'New York', 0, 1, 0.6052824)
GO
INSERT [dbo].[Bikes] ([BikeId], [AvailableFrom], [BikeModelId], [BikeState], [ColorId], [Created], [CreatedByUserId], [CurrentLocationLat], [CurrentLocationLng], [CurrentLocationName], [CurrentlyAvailable], [IsActive], [RateAverage]) VALUES (14, CAST(N'2018-07-27 17:20:59.2235106' AS DateTime2), 4, 1, N'0000FF', CAST(N'2018-07-23 23:27:59.2235106' AS DateTime2), N'd59a9292-24bd-4df7-9a06-256a03188740', -50.443018302527733, 116.87544713582633, N'Budapest', 0, 1, 3.41681767)
GO
INSERT [dbo].[Bikes] ([BikeId], [AvailableFrom], [BikeModelId], [BikeState], [ColorId], [Created], [CreatedByUserId], [CurrentLocationLat], [CurrentLocationLng], [CurrentLocationName], [CurrentlyAvailable], [IsActive], [RateAverage]) VALUES (15, CAST(N'2018-07-26 05:12:59.2335106' AS DateTime2), 7, 1, N'0000FF', CAST(N'2018-07-23 23:27:59.2335106' AS DateTime2), N'd59a9292-24bd-4df7-9a06-256a03188740', 46.577689516094111, 18.290845609985009, N'Los Angeles', 0, 1, 4.08511925)
GO
INSERT [dbo].[Bikes] ([BikeId], [AvailableFrom], [BikeModelId], [BikeState], [ColorId], [Created], [CreatedByUserId], [CurrentLocationLat], [CurrentLocationLng], [CurrentLocationName], [CurrentlyAvailable], [IsActive], [RateAverage]) VALUES (16, CAST(N'2018-07-26 19:13:59.2435106' AS DateTime2), 1, 1, N'FFFFFF', CAST(N'2018-07-23 23:27:59.2435106' AS DateTime2), N'd59a9292-24bd-4df7-9a06-256a03188740', -83.43538714267099, 169.10030269487771, N'Paris', 0, 1, 2.36277962)
GO
INSERT [dbo].[Bikes] ([BikeId], [AvailableFrom], [BikeModelId], [BikeState], [ColorId], [Created], [CreatedByUserId], [CurrentLocationLat], [CurrentLocationLng], [CurrentLocationName], [CurrentlyAvailable], [IsActive], [RateAverage]) VALUES (17, CAST(N'2018-07-25 04:02:59.2535106' AS DateTime2), 2, 1, N'FFFFFF', CAST(N'2018-07-23 23:27:59.2535106' AS DateTime2), N'd59a9292-24bd-4df7-9a06-256a03188740', 88.158790328613861, 134.41202841438917, N'Washington', 0, 1, 3.13590145)
GO
INSERT [dbo].[Bikes] ([BikeId], [AvailableFrom], [BikeModelId], [BikeState], [ColorId], [Created], [CreatedByUserId], [CurrentLocationLat], [CurrentLocationLng], [CurrentLocationName], [CurrentlyAvailable], [IsActive], [RateAverage]) VALUES (18, CAST(N'2018-07-27 16:18:59.2635106' AS DateTime2), 7, 1, N'00FF00', CAST(N'2018-07-23 23:27:59.2635106' AS DateTime2), N'd59a9292-24bd-4df7-9a06-256a03188740', -0.56285565279557659, -28.3177156412591, N'Moscow', 0, 1, 4.3593235)
GO
INSERT [dbo].[Bikes] ([BikeId], [AvailableFrom], [BikeModelId], [BikeState], [ColorId], [Created], [CreatedByUserId], [CurrentLocationLat], [CurrentLocationLng], [CurrentLocationName], [CurrentlyAvailable], [IsActive], [RateAverage]) VALUES (19, CAST(N'2018-07-09 05:09:59.2735106' AS DateTime2), 1, 0, N'FF0000', CAST(N'2018-07-23 23:27:59.2735106' AS DateTime2), N'd59a9292-24bd-4df7-9a06-256a03188740', 43.739143476700008, 19.858735501700409, N'London', 1, 1, 0.2104688)
GO
INSERT [dbo].[Bikes] ([BikeId], [AvailableFrom], [BikeModelId], [BikeState], [ColorId], [Created], [CreatedByUserId], [CurrentLocationLat], [CurrentLocationLng], [CurrentLocationName], [CurrentlyAvailable], [IsActive], [RateAverage]) VALUES (20, CAST(N'2018-07-05 20:04:59.2835106' AS DateTime2), 3, 0, N'FF0000', CAST(N'2018-07-23 23:27:59.2835106' AS DateTime2), N'd59a9292-24bd-4df7-9a06-256a03188740', -40.220720595782957, 36.736634139314589, N'New York', 1, 1, 3.63932753)
GO
INSERT [dbo].[Bikes] ([BikeId], [AvailableFrom], [BikeModelId], [BikeState], [ColorId], [Created], [CreatedByUserId], [CurrentLocationLat], [CurrentLocationLng], [CurrentLocationName], [CurrentlyAvailable], [IsActive], [RateAverage]) VALUES (21, CAST(N'2018-07-24 02:27:59.2935107' AS DateTime2), 3, 1, N'FFFFFF', CAST(N'2018-07-23 23:27:59.2935107' AS DateTime2), N'd59a9292-24bd-4df7-9a06-256a03188740', 57.73008675674447, 49.370343866464822, N'Ottawa', 0, 1, 2.97328234)
GO
INSERT [dbo].[Bikes] ([BikeId], [AvailableFrom], [BikeModelId], [BikeState], [ColorId], [Created], [CreatedByUserId], [CurrentLocationLat], [CurrentLocationLng], [CurrentLocationName], [CurrentlyAvailable], [IsActive], [RateAverage]) VALUES (22, CAST(N'2018-07-23 11:57:59.3035107' AS DateTime2), 9, 0, N'FF0000', CAST(N'2018-07-23 23:27:59.3035107' AS DateTime2), N'd59a9292-24bd-4df7-9a06-256a03188740', -27.918955021500103, 69.424867299117551, N'Brussels', 1, 1, 3.77883863)
GO
INSERT [dbo].[Bikes] ([BikeId], [AvailableFrom], [BikeModelId], [BikeState], [ColorId], [Created], [CreatedByUserId], [CurrentLocationLat], [CurrentLocationLng], [CurrentLocationName], [CurrentlyAvailable], [IsActive], [RateAverage]) VALUES (23, CAST(N'2018-07-26 04:19:59.3135107' AS DateTime2), 4, 1, N'FF0000', CAST(N'2018-07-23 23:27:59.3135107' AS DateTime2), N'd59a9292-24bd-4df7-9a06-256a03188740', -54.726885717700647, -10.377832218249239, N'Madrid', 0, 1, 4.82038927)
GO
INSERT [dbo].[Bikes] ([BikeId], [AvailableFrom], [BikeModelId], [BikeState], [ColorId], [Created], [CreatedByUserId], [CurrentLocationLat], [CurrentLocationLng], [CurrentLocationName], [CurrentlyAvailable], [IsActive], [RateAverage]) VALUES (24, CAST(N'2018-07-28 00:29:59.3335107' AS DateTime2), 3, 2, N'000000', CAST(N'2018-07-23 23:27:59.3335107' AS DateTime2), N'd59a9292-24bd-4df7-9a06-256a03188740', -20.571929305126858, 73.429967953558048, N'Amsterdam', 0, 1, 1.89747465)
GO
INSERT [dbo].[Bikes] ([BikeId], [AvailableFrom], [BikeModelId], [BikeState], [ColorId], [Created], [CreatedByUserId], [CurrentLocationLat], [CurrentLocationLng], [CurrentLocationName], [CurrentlyAvailable], [IsActive], [RateAverage]) VALUES (25, CAST(N'2018-06-28 12:44:59.3435107' AS DateTime2), 4, 0, N'FFFFFF', CAST(N'2018-07-23 23:27:59.3435107' AS DateTime2), N'd59a9292-24bd-4df7-9a06-256a03188740', 41.655364461082655, 178.99923630012165, N'Washington', 1, 1, 0.2572127)
GO
INSERT [dbo].[Bikes] ([BikeId], [AvailableFrom], [BikeModelId], [BikeState], [ColorId], [Created], [CreatedByUserId], [CurrentLocationLat], [CurrentLocationLng], [CurrentLocationName], [CurrentlyAvailable], [IsActive], [RateAverage]) VALUES (26, CAST(N'2018-07-25 20:11:59.3535107' AS DateTime2), 6, 2, N'FF0000', CAST(N'2018-07-23 23:27:59.3535107' AS DateTime2), N'd59a9292-24bd-4df7-9a06-256a03188740', -49.724408155178843, 9.8160442103706487, N'San Francisco', 0, 1, 4.29187)
GO
INSERT [dbo].[Bikes] ([BikeId], [AvailableFrom], [BikeModelId], [BikeState], [ColorId], [Created], [CreatedByUserId], [CurrentLocationLat], [CurrentLocationLng], [CurrentLocationName], [CurrentlyAvailable], [IsActive], [RateAverage]) VALUES (27, CAST(N'2018-07-01 02:17:59.3635108' AS DateTime2), 3, 0, N'00FF00', CAST(N'2018-07-23 23:27:59.3635108' AS DateTime2), N'd59a9292-24bd-4df7-9a06-256a03188740', 73.042185112387955, 42.91473246315249, N'Moscow', 1, 1, 3.56936073)
GO
INSERT [dbo].[Bikes] ([BikeId], [AvailableFrom], [BikeModelId], [BikeState], [ColorId], [Created], [CreatedByUserId], [CurrentLocationLat], [CurrentLocationLng], [CurrentLocationName], [CurrentlyAvailable], [IsActive], [RateAverage]) VALUES (28, CAST(N'2018-07-20 01:43:59.3735108' AS DateTime2), 9, 0, N'FF0000', CAST(N'2018-07-23 23:27:59.3735108' AS DateTime2), N'd59a9292-24bd-4df7-9a06-256a03188740', 48.196011078102266, 19.125753481113492, N'Las Vegas', 1, 1, 1.63735616)
GO
INSERT [dbo].[Bikes] ([BikeId], [AvailableFrom], [BikeModelId], [BikeState], [ColorId], [Created], [CreatedByUserId], [CurrentLocationLat], [CurrentLocationLng], [CurrentLocationName], [CurrentlyAvailable], [IsActive], [RateAverage]) VALUES (29, CAST(N'2018-06-27 08:40:59.3835108' AS DateTime2), 10, 0, N'0000FF', CAST(N'2018-07-23 23:27:59.3835108' AS DateTime2), N'd59a9292-24bd-4df7-9a06-256a03188740', -32.5127963640321, -62.748063673613629, N'New York', 1, 1, 4.22055244)
GO
INSERT [dbo].[Bikes] ([BikeId], [AvailableFrom], [BikeModelId], [BikeState], [ColorId], [Created], [CreatedByUserId], [CurrentLocationLat], [CurrentLocationLng], [CurrentLocationName], [CurrentlyAvailable], [IsActive], [RateAverage]) VALUES (30, CAST(N'2018-07-24 15:24:59.3935108' AS DateTime2), 9, 3, N'000000', CAST(N'2018-07-23 23:27:59.3935108' AS DateTime2), N'd59a9292-24bd-4df7-9a06-256a03188740', -30.382216153844361, 104.28452316871125, N'New York', 0, 1, 1.6974206)
GO
INSERT [dbo].[Bikes] ([BikeId], [AvailableFrom], [BikeModelId], [BikeState], [ColorId], [Created], [CreatedByUserId], [CurrentLocationLat], [CurrentLocationLng], [CurrentLocationName], [CurrentlyAvailable], [IsActive], [RateAverage]) VALUES (31, CAST(N'2018-07-27 17:52:59.4035108' AS DateTime2), 10, 3, N'FFFFFF', CAST(N'2018-07-23 23:27:59.4035108' AS DateTime2), N'd59a9292-24bd-4df7-9a06-256a03188740', 2.30209452672959, -97.148484288318315, N'Washington', 0, 1, 4.032376)
GO
INSERT [dbo].[Bikes] ([BikeId], [AvailableFrom], [BikeModelId], [BikeState], [ColorId], [Created], [CreatedByUserId], [CurrentLocationLat], [CurrentLocationLng], [CurrentLocationName], [CurrentlyAvailable], [IsActive], [RateAverage]) VALUES (32, CAST(N'2018-07-08 16:21:59.4135108' AS DateTime2), 1, 0, N'0000FF', CAST(N'2018-07-23 23:27:59.4135108' AS DateTime2), N'd59a9292-24bd-4df7-9a06-256a03188740', -54.036800444143267, -125.04079680193252, N'Lisbon', 1, 1, 3.91885924)
GO
INSERT [dbo].[Bikes] ([BikeId], [AvailableFrom], [BikeModelId], [BikeState], [ColorId], [Created], [CreatedByUserId], [CurrentLocationLat], [CurrentLocationLng], [CurrentLocationName], [CurrentlyAvailable], [IsActive], [RateAverage]) VALUES (33, CAST(N'2018-07-19 01:25:59.4235108' AS DateTime2), 2, 0, N'000000', CAST(N'2018-07-23 23:27:59.4235108' AS DateTime2), N'd59a9292-24bd-4df7-9a06-256a03188740', 49.517478411792524, 15.287336537282585, N'Washington', 1, 1, 3.77724433)
GO
INSERT [dbo].[Bikes] ([BikeId], [AvailableFrom], [BikeModelId], [BikeState], [ColorId], [Created], [CreatedByUserId], [CurrentLocationLat], [CurrentLocationLng], [CurrentLocationName], [CurrentlyAvailable], [IsActive], [RateAverage]) VALUES (34, CAST(N'2018-07-28 16:16:59.4435109' AS DateTime2), 3, 1, N'FFFFFF', CAST(N'2018-07-23 23:27:59.4435109' AS DateTime2), N'd59a9292-24bd-4df7-9a06-256a03188740', 23.979447620911273, 95.289009863179615, N'Madrid', 0, 1, 4.802076)
GO
INSERT [dbo].[Bikes] ([BikeId], [AvailableFrom], [BikeModelId], [BikeState], [ColorId], [Created], [CreatedByUserId], [CurrentLocationLat], [CurrentLocationLng], [CurrentLocationName], [CurrentlyAvailable], [IsActive], [RateAverage]) VALUES (35, CAST(N'2018-06-30 02:03:59.4535109' AS DateTime2), 5, 0, N'000000', CAST(N'2018-07-23 23:27:59.4535109' AS DateTime2), N'd59a9292-24bd-4df7-9a06-256a03188740', 46.9685504007265, 18.529334623261303, N'Tokyo', 1, 1, 3.37702847)
GO
INSERT [dbo].[Bikes] ([BikeId], [AvailableFrom], [BikeModelId], [BikeState], [ColorId], [Created], [CreatedByUserId], [CurrentLocationLat], [CurrentLocationLng], [CurrentLocationName], [CurrentlyAvailable], [IsActive], [RateAverage]) VALUES (36, CAST(N'2018-06-30 15:00:59.4635109' AS DateTime2), 10, 0, N'0000FF', CAST(N'2018-07-23 23:27:59.4635109' AS DateTime2), N'd59a9292-24bd-4df7-9a06-256a03188740', -36.085923819842712, -82.170849937093848, N'Tokyo', 1, 1, 4.77338552)
GO
INSERT [dbo].[Bikes] ([BikeId], [AvailableFrom], [BikeModelId], [BikeState], [ColorId], [Created], [CreatedByUserId], [CurrentLocationLat], [CurrentLocationLng], [CurrentLocationName], [CurrentlyAvailable], [IsActive], [RateAverage]) VALUES (37, CAST(N'2018-07-26 17:37:59.4735109' AS DateTime2), 5, 1, N'00FF00', CAST(N'2018-07-23 23:27:59.4735109' AS DateTime2), N'd59a9292-24bd-4df7-9a06-256a03188740', -4.5550383695191812, 110.68487637242527, N'Lisbon', 0, 1, 4.02231169)
GO
INSERT [dbo].[Bikes] ([BikeId], [AvailableFrom], [BikeModelId], [BikeState], [ColorId], [Created], [CreatedByUserId], [CurrentLocationLat], [CurrentLocationLng], [CurrentLocationName], [CurrentlyAvailable], [IsActive], [RateAverage]) VALUES (38, CAST(N'2018-07-03 19:04:59.4835109' AS DateTime2), 7, 0, N'00FF00', CAST(N'2018-07-23 23:27:59.4835109' AS DateTime2), N'd59a9292-24bd-4df7-9a06-256a03188740', -51.764908722492358, -7.174837452906587, N'Ottawa', 1, 1, 4.19003963)
GO
INSERT [dbo].[Bikes] ([BikeId], [AvailableFrom], [BikeModelId], [BikeState], [ColorId], [Created], [CreatedByUserId], [CurrentLocationLat], [CurrentLocationLng], [CurrentLocationName], [CurrentlyAvailable], [IsActive], [RateAverage]) VALUES (39, CAST(N'2018-07-24 23:42:59.4935109' AS DateTime2), 5, 2, N'00FF00', CAST(N'2018-07-23 23:27:59.4935109' AS DateTime2), N'd59a9292-24bd-4df7-9a06-256a03188740', 13.288551570516347, -67.615700386285638, N'Delhi', 0, 1, 2.094939)
GO
INSERT [dbo].[Bikes] ([BikeId], [AvailableFrom], [BikeModelId], [BikeState], [ColorId], [Created], [CreatedByUserId], [CurrentLocationLat], [CurrentLocationLng], [CurrentLocationName], [CurrentlyAvailable], [IsActive], [RateAverage]) VALUES (40, CAST(N'2018-07-09 21:46:59.5035109' AS DateTime2), 6, 0, N'0000FF', CAST(N'2018-07-23 23:27:59.5035109' AS DateTime2), N'd59a9292-24bd-4df7-9a06-256a03188740', 55.802618919779832, -113.12028410524142, N'Delhi', 1, 1, 0.487952769)
GO
INSERT [dbo].[Bikes] ([BikeId], [AvailableFrom], [BikeModelId], [BikeState], [ColorId], [Created], [CreatedByUserId], [CurrentLocationLat], [CurrentLocationLng], [CurrentLocationName], [CurrentlyAvailable], [IsActive], [RateAverage]) VALUES (41, CAST(N'2018-07-23 20:32:59.5135110' AS DateTime2), 7, 0, N'0000FF', CAST(N'2018-07-23 23:27:59.5135110' AS DateTime2), N'd59a9292-24bd-4df7-9a06-256a03188740', 45.895141472991156, -41.628176710395223, N'Amsterdam', 1, 1, 4.67329168)
GO
INSERT [dbo].[Bikes] ([BikeId], [AvailableFrom], [BikeModelId], [BikeState], [ColorId], [Created], [CreatedByUserId], [CurrentLocationLat], [CurrentLocationLng], [CurrentLocationName], [CurrentlyAvailable], [IsActive], [RateAverage]) VALUES (42, CAST(N'2018-07-27 09:58:59.5235110' AS DateTime2), 5, 1, N'00FF00', CAST(N'2018-07-23 23:27:59.5235110' AS DateTime2), N'd59a9292-24bd-4df7-9a06-256a03188740', -23.825288328260783, -111.28886038963165, N'Paris', 0, 1, 2.7482543)
GO
INSERT [dbo].[Bikes] ([BikeId], [AvailableFrom], [BikeModelId], [BikeState], [ColorId], [Created], [CreatedByUserId], [CurrentLocationLat], [CurrentLocationLng], [CurrentLocationName], [CurrentlyAvailable], [IsActive], [RateAverage]) VALUES (43, CAST(N'2018-07-25 08:33:59.5435110' AS DateTime2), 4, 3, N'FF0000', CAST(N'2018-07-23 23:27:59.5435110' AS DateTime2), N'd59a9292-24bd-4df7-9a06-256a03188740', -85.5339465548908, 34.476860135084451, N'Washington', 0, 1, 1.33909893)
GO
INSERT [dbo].[Bikes] ([BikeId], [AvailableFrom], [BikeModelId], [BikeState], [ColorId], [Created], [CreatedByUserId], [CurrentLocationLat], [CurrentLocationLng], [CurrentLocationName], [CurrentlyAvailable], [IsActive], [RateAverage]) VALUES (44, CAST(N'2018-07-16 12:12:59.5535110' AS DateTime2), 7, 0, N'00FF00', CAST(N'2018-07-23 23:27:59.5535110' AS DateTime2), N'd59a9292-24bd-4df7-9a06-256a03188740', 51.1699579661572, 17.090768551961872, N'Washington', 1, 1, 0.0452308059)
GO
INSERT [dbo].[Bikes] ([BikeId], [AvailableFrom], [BikeModelId], [BikeState], [ColorId], [Created], [CreatedByUserId], [CurrentLocationLat], [CurrentLocationLng], [CurrentLocationName], [CurrentlyAvailable], [IsActive], [RateAverage]) VALUES (45, CAST(N'2018-06-24 05:26:59.5635110' AS DateTime2), 3, 0, N'FF0000', CAST(N'2018-07-23 23:27:59.5635110' AS DateTime2), N'd59a9292-24bd-4df7-9a06-256a03188740', -22.046352677068839, 58.423368259530235, N'Tokyo', 1, 1, 2.689686)
GO
INSERT [dbo].[Bikes] ([BikeId], [AvailableFrom], [BikeModelId], [BikeState], [ColorId], [Created], [CreatedByUserId], [CurrentLocationLat], [CurrentLocationLng], [CurrentLocationName], [CurrentlyAvailable], [IsActive], [RateAverage]) VALUES (46, CAST(N'2018-06-28 19:10:59.5735110' AS DateTime2), 9, 0, N'0000FF', CAST(N'2018-07-23 23:27:59.5735110' AS DateTime2), N'd59a9292-24bd-4df7-9a06-256a03188740', -0.34786494930641254, -88.31628180496223, N'Lisbon', 1, 1, 2.07620621)
GO
INSERT [dbo].[Bikes] ([BikeId], [AvailableFrom], [BikeModelId], [BikeState], [ColorId], [Created], [CreatedByUserId], [CurrentLocationLat], [CurrentLocationLng], [CurrentLocationName], [CurrentlyAvailable], [IsActive], [RateAverage]) VALUES (47, CAST(N'2018-06-28 15:22:59.5835111' AS DateTime2), 7, 0, N'FFFFFF', CAST(N'2018-07-23 23:27:59.5835111' AS DateTime2), N'd59a9292-24bd-4df7-9a06-256a03188740', -61.384373498793863, -41.02856486152325, N'Brussels', 1, 1, 2.364325)
GO
INSERT [dbo].[Bikes] ([BikeId], [AvailableFrom], [BikeModelId], [BikeState], [ColorId], [Created], [CreatedByUserId], [CurrentLocationLat], [CurrentLocationLng], [CurrentLocationName], [CurrentlyAvailable], [IsActive], [RateAverage]) VALUES (48, CAST(N'2018-07-22 15:47:59.5935111' AS DateTime2), 5, 0, N'FF0000', CAST(N'2018-07-23 23:27:59.5935111' AS DateTime2), N'd59a9292-24bd-4df7-9a06-256a03188740', -64.050231684954014, -21.669069846006607, N'Paris', 1, 1, 1.73874247)
GO
INSERT [dbo].[Bikes] ([BikeId], [AvailableFrom], [BikeModelId], [BikeState], [ColorId], [Created], [CreatedByUserId], [CurrentLocationLat], [CurrentLocationLng], [CurrentLocationName], [CurrentlyAvailable], [IsActive], [RateAverage]) VALUES (49, CAST(N'2018-07-25 20:44:59.6135111' AS DateTime2), 10, 1, N'000000', CAST(N'2018-07-23 23:27:59.6135111' AS DateTime2), N'd59a9292-24bd-4df7-9a06-256a03188740', -87.033849990476782, -159.18053151070166, N'Sydney', 0, 1, 0.2353426)
GO
INSERT [dbo].[Bikes] ([BikeId], [AvailableFrom], [BikeModelId], [BikeState], [ColorId], [Created], [CreatedByUserId], [CurrentLocationLat], [CurrentLocationLng], [CurrentLocationName], [CurrentlyAvailable], [IsActive], [RateAverage]) VALUES (50, CAST(N'2018-07-24 21:40:59.6235111' AS DateTime2), 2, 1, N'00FF00', CAST(N'2018-07-23 23:27:59.6235111' AS DateTime2), N'd59a9292-24bd-4df7-9a06-256a03188740', -66.198038634005016, -73.946497539964724, N'Paris', 0, 1, 2.8623507)
GO
INSERT [dbo].[Bikes] ([BikeId], [AvailableFrom], [BikeModelId], [BikeState], [ColorId], [Created], [CreatedByUserId], [CurrentLocationLat], [CurrentLocationLng], [CurrentLocationName], [CurrentlyAvailable], [IsActive], [RateAverage]) VALUES (51, CAST(N'2018-07-25 03:58:59.6335111' AS DateTime2), 9, 1, N'0000FF', CAST(N'2018-07-23 23:27:59.6335111' AS DateTime2), N'd59a9292-24bd-4df7-9a06-256a03188740', 13.800222335290258, 16.82272769362794, N'Mexico City', 0, 1, 3.77105975)
GO
INSERT [dbo].[Bikes] ([BikeId], [AvailableFrom], [BikeModelId], [BikeState], [ColorId], [Created], [CreatedByUserId], [CurrentLocationLat], [CurrentLocationLng], [CurrentLocationName], [CurrentlyAvailable], [IsActive], [RateAverage]) VALUES (52, CAST(N'2018-07-21 03:24:59.6435111' AS DateTime2), 7, 0, N'00FF00', CAST(N'2018-07-23 23:27:59.6435111' AS DateTime2), N'd59a9292-24bd-4df7-9a06-256a03188740', -85.155346801111165, 108.61206155671368, N'Rome', 1, 1, 1.27005565)
GO
INSERT [dbo].[Bikes] ([BikeId], [AvailableFrom], [BikeModelId], [BikeState], [ColorId], [Created], [CreatedByUserId], [CurrentLocationLat], [CurrentLocationLng], [CurrentLocationName], [CurrentlyAvailable], [IsActive], [RateAverage]) VALUES (53, CAST(N'2018-07-07 15:11:59.6635112' AS DateTime2), 2, 0, N'00FF00', CAST(N'2018-07-23 23:27:59.6635112' AS DateTime2), N'd59a9292-24bd-4df7-9a06-256a03188740', 47.745497119892832, 18.095514547703818, N'Houston', 1, 1, 4.76504755)
GO
INSERT [dbo].[Bikes] ([BikeId], [AvailableFrom], [BikeModelId], [BikeState], [ColorId], [Created], [CreatedByUserId], [CurrentLocationLat], [CurrentLocationLng], [CurrentLocationName], [CurrentlyAvailable], [IsActive], [RateAverage]) VALUES (54, CAST(N'2018-07-26 12:34:59.6735112' AS DateTime2), 9, 1, N'0000FF', CAST(N'2018-07-23 23:27:59.6735112' AS DateTime2), N'd59a9292-24bd-4df7-9a06-256a03188740', -20.958237895256957, -70.26413921744755, N'Budapest', 0, 1, 3.82474732)
GO
INSERT [dbo].[Bikes] ([BikeId], [AvailableFrom], [BikeModelId], [BikeState], [ColorId], [Created], [CreatedByUserId], [CurrentLocationLat], [CurrentLocationLng], [CurrentLocationName], [CurrentlyAvailable], [IsActive], [RateAverage]) VALUES (55, CAST(N'2018-07-07 04:41:59.6835112' AS DateTime2), 9, 0, N'00FF00', CAST(N'2018-07-23 23:27:59.6835112' AS DateTime2), N'd59a9292-24bd-4df7-9a06-256a03188740', -26.418236278192246, 44.352373864665822, N'Dallas', 1, 1, 3.06892776)
GO
INSERT [dbo].[Bikes] ([BikeId], [AvailableFrom], [BikeModelId], [BikeState], [ColorId], [Created], [CreatedByUserId], [CurrentLocationLat], [CurrentLocationLng], [CurrentLocationName], [CurrentlyAvailable], [IsActive], [RateAverage]) VALUES (56, CAST(N'2018-07-26 08:25:59.6935112' AS DateTime2), 9, 1, N'FF0000', CAST(N'2018-07-23 23:27:59.6935112' AS DateTime2), N'd59a9292-24bd-4df7-9a06-256a03188740', 58.110831858641859, -44.08972005550271, N'Vien', 0, 1, 1.41182578)
GO
INSERT [dbo].[Bikes] ([BikeId], [AvailableFrom], [BikeModelId], [BikeState], [ColorId], [Created], [CreatedByUserId], [CurrentLocationLat], [CurrentLocationLng], [CurrentLocationName], [CurrentlyAvailable], [IsActive], [RateAverage]) VALUES (57, CAST(N'2018-07-26 01:37:59.7035112' AS DateTime2), 9, 1, N'000000', CAST(N'2018-07-23 23:27:59.7035112' AS DateTime2), N'd59a9292-24bd-4df7-9a06-256a03188740', 71.0537096769799, 170.20584688997167, N'Mexico City', 0, 1, 3.61345267)
GO
INSERT [dbo].[Bikes] ([BikeId], [AvailableFrom], [BikeModelId], [BikeState], [ColorId], [Created], [CreatedByUserId], [CurrentLocationLat], [CurrentLocationLng], [CurrentLocationName], [CurrentlyAvailable], [IsActive], [RateAverage]) VALUES (58, CAST(N'2018-07-28 17:13:59.7235113' AS DateTime2), 10, 1, N'0000FF', CAST(N'2018-07-23 23:27:59.7235113' AS DateTime2), N'd59a9292-24bd-4df7-9a06-256a03188740', -77.1190418149899, -32.226080583513749, N'London', 0, 1, 1.07469273)
GO
INSERT [dbo].[Bikes] ([BikeId], [AvailableFrom], [BikeModelId], [BikeState], [ColorId], [Created], [CreatedByUserId], [CurrentLocationLat], [CurrentLocationLng], [CurrentLocationName], [CurrentlyAvailable], [IsActive], [RateAverage]) VALUES (59, CAST(N'2018-07-26 06:43:59.7335113' AS DateTime2), 7, 1, N'FF0000', CAST(N'2018-07-23 23:27:59.7335113' AS DateTime2), N'd59a9292-24bd-4df7-9a06-256a03188740', -5.1604683488423291, -112.33515844323448, N'Melbourne', 0, 1, 2.70060539)
GO
INSERT [dbo].[Bikes] ([BikeId], [AvailableFrom], [BikeModelId], [BikeState], [ColorId], [Created], [CreatedByUserId], [CurrentLocationLat], [CurrentLocationLng], [CurrentLocationName], [CurrentlyAvailable], [IsActive], [RateAverage]) VALUES (60, CAST(N'2018-07-15 15:19:59.7610116' AS DateTime2), 10, 0, N'FFFFFF', CAST(N'2018-07-23 23:27:59.7610116' AS DateTime2), N'd59a9292-24bd-4df7-9a06-256a03188740', -28.675598473602719, 47.62709743698457, N'Los Angeles', 1, 1, 4.38014269)
GO
INSERT [dbo].[Bikes] ([BikeId], [AvailableFrom], [BikeModelId], [BikeState], [ColorId], [Created], [CreatedByUserId], [CurrentLocationLat], [CurrentLocationLng], [CurrentLocationName], [CurrentlyAvailable], [IsActive], [RateAverage]) VALUES (61, CAST(N'2018-07-26 14:59:59.7735117' AS DateTime2), 8, 1, N'FFFFFF', CAST(N'2018-07-23 23:27:59.7735117' AS DateTime2), N'd59a9292-24bd-4df7-9a06-256a03188740', -8.0425862586324115, 51.97577833755679, N'Sydney', 0, 1, 0.203752592)
GO
INSERT [dbo].[Bikes] ([BikeId], [AvailableFrom], [BikeModelId], [BikeState], [ColorId], [Created], [CreatedByUserId], [CurrentLocationLat], [CurrentLocationLng], [CurrentLocationName], [CurrentlyAvailable], [IsActive], [RateAverage]) VALUES (62, CAST(N'2018-07-24 19:45:59.7960118' AS DateTime2), 1, 1, N'00FF00', CAST(N'2018-07-23 23:27:59.7960118' AS DateTime2), N'd59a9292-24bd-4df7-9a06-256a03188740', 71.4505371365, 91.319619301389764, N'Vien', 0, 1, 4.56375837)
GO
INSERT [dbo].[Bikes] ([BikeId], [AvailableFrom], [BikeModelId], [BikeState], [ColorId], [Created], [CreatedByUserId], [CurrentLocationLat], [CurrentLocationLng], [CurrentLocationName], [CurrentlyAvailable], [IsActive], [RateAverage]) VALUES (63, CAST(N'2018-07-24 07:09:59.8060120' AS DateTime2), 5, 1, N'00FF00', CAST(N'2018-07-23 23:27:59.8060120' AS DateTime2), N'd59a9292-24bd-4df7-9a06-256a03188740', -54.451471382962296, -91.440256848670657, N'Moscow', 0, 1, 4.758478)
GO
INSERT [dbo].[Bikes] ([BikeId], [AvailableFrom], [BikeModelId], [BikeState], [ColorId], [Created], [CreatedByUserId], [CurrentLocationLat], [CurrentLocationLng], [CurrentLocationName], [CurrentlyAvailable], [IsActive], [RateAverage]) VALUES (64, CAST(N'2018-07-28 15:09:59.8160120' AS DateTime2), 7, 1, N'00FF00', CAST(N'2018-07-23 23:27:59.8160120' AS DateTime2), N'd59a9292-24bd-4df7-9a06-256a03188740', 60.210097613842265, 60.068279374422616, N'Melbourne', 0, 1, 1.239715)
GO
INSERT [dbo].[Bikes] ([BikeId], [AvailableFrom], [BikeModelId], [BikeState], [ColorId], [Created], [CreatedByUserId], [CurrentLocationLat], [CurrentLocationLng], [CurrentLocationName], [CurrentlyAvailable], [IsActive], [RateAverage]) VALUES (65, CAST(N'2018-07-05 15:52:59.8360121' AS DateTime2), 9, 0, N'FF0000', CAST(N'2018-07-23 23:27:59.8360121' AS DateTime2), N'd59a9292-24bd-4df7-9a06-256a03188740', -64.266358723056669, -134.00414840970382, N'Vien', 1, 1, 2.85124087)
GO
INSERT [dbo].[Bikes] ([BikeId], [AvailableFrom], [BikeModelId], [BikeState], [ColorId], [Created], [CreatedByUserId], [CurrentLocationLat], [CurrentLocationLng], [CurrentLocationName], [CurrentlyAvailable], [IsActive], [RateAverage]) VALUES (66, CAST(N'2018-07-23 00:42:59.8460122' AS DateTime2), 6, 0, N'000000', CAST(N'2018-07-23 23:27:59.8460122' AS DateTime2), N'd59a9292-24bd-4df7-9a06-256a03188740', 55.675513896008738, 91.3100163225597, N'Melbourne', 1, 1, 1.37204909)
GO
INSERT [dbo].[Bikes] ([BikeId], [AvailableFrom], [BikeModelId], [BikeState], [ColorId], [Created], [CreatedByUserId], [CurrentLocationLat], [CurrentLocationLng], [CurrentLocationName], [CurrentlyAvailable], [IsActive], [RateAverage]) VALUES (67, CAST(N'2018-06-30 04:52:59.8585122' AS DateTime2), 6, 0, N'0000FF', CAST(N'2018-07-23 23:27:59.8585122' AS DateTime2), N'd59a9292-24bd-4df7-9a06-256a03188740', 2.3694359941265759, 27.999734230339413, N'San Francisco', 1, 1, 3.61965919)
GO
INSERT [dbo].[Bikes] ([BikeId], [AvailableFrom], [BikeModelId], [BikeState], [ColorId], [Created], [CreatedByUserId], [CurrentLocationLat], [CurrentLocationLng], [CurrentLocationName], [CurrentlyAvailable], [IsActive], [RateAverage]) VALUES (68, CAST(N'2018-07-04 10:18:59.8735123' AS DateTime2), 9, 0, N'00FF00', CAST(N'2018-07-23 23:27:59.8735123' AS DateTime2), N'd59a9292-24bd-4df7-9a06-256a03188740', -56.366953014567009, 19.0522096674201, N'Mexico City', 1, 1, 1.14191329)
GO
INSERT [dbo].[Bikes] ([BikeId], [AvailableFrom], [BikeModelId], [BikeState], [ColorId], [Created], [CreatedByUserId], [CurrentLocationLat], [CurrentLocationLng], [CurrentLocationName], [CurrentlyAvailable], [IsActive], [RateAverage]) VALUES (69, CAST(N'2018-07-25 19:13:59.8935123' AS DateTime2), 4, 2, N'FF0000', CAST(N'2018-07-23 23:27:59.8935123' AS DateTime2), N'd59a9292-24bd-4df7-9a06-256a03188740', 64.175326560705571, -107.35461095690476, N'Budapest', 0, 1, 4.41251373)
GO
INSERT [dbo].[Bikes] ([BikeId], [AvailableFrom], [BikeModelId], [BikeState], [ColorId], [Created], [CreatedByUserId], [CurrentLocationLat], [CurrentLocationLng], [CurrentLocationName], [CurrentlyAvailable], [IsActive], [RateAverage]) VALUES (70, CAST(N'2018-07-24 04:06:59.9085124' AS DateTime2), 8, 2, N'000000', CAST(N'2018-07-23 23:27:59.9085124' AS DateTime2), N'd59a9292-24bd-4df7-9a06-256a03188740', -19.35962816204858, 34.753321118072307, N'Rome', 0, 1, 3.46001387)
GO
INSERT [dbo].[Bikes] ([BikeId], [AvailableFrom], [BikeModelId], [BikeState], [ColorId], [Created], [CreatedByUserId], [CurrentLocationLat], [CurrentLocationLng], [CurrentLocationName], [CurrentlyAvailable], [IsActive], [RateAverage]) VALUES (71, CAST(N'2018-07-27 13:02:59.9235125' AS DateTime2), 6, 1, N'FFFFFF', CAST(N'2018-07-23 23:27:59.9235125' AS DateTime2), N'd59a9292-24bd-4df7-9a06-256a03188740', 73.336524359572934, 20.175727848045398, N'Berlin', 0, 1, 2.00087619)
GO
INSERT [dbo].[Bikes] ([BikeId], [AvailableFrom], [BikeModelId], [BikeState], [ColorId], [Created], [CreatedByUserId], [CurrentLocationLat], [CurrentLocationLng], [CurrentLocationName], [CurrentlyAvailable], [IsActive], [RateAverage]) VALUES (72, CAST(N'2018-06-30 13:58:59.9385126' AS DateTime2), 9, 0, N'00FF00', CAST(N'2018-07-23 23:27:59.9385126' AS DateTime2), N'd59a9292-24bd-4df7-9a06-256a03188740', 0.61994739371350249, -152.50122689292823, N'Las Vegas', 1, 1, 4.041848)
GO
INSERT [dbo].[Bikes] ([BikeId], [AvailableFrom], [BikeModelId], [BikeState], [ColorId], [Created], [CreatedByUserId], [CurrentLocationLat], [CurrentLocationLng], [CurrentLocationName], [CurrentlyAvailable], [IsActive], [RateAverage]) VALUES (73, CAST(N'2018-07-27 10:55:59.9485126' AS DateTime2), 4, 1, N'0000FF', CAST(N'2018-07-23 23:27:59.9485126' AS DateTime2), N'd59a9292-24bd-4df7-9a06-256a03188740', 70.201614033524692, 124.13422205677921, N'Ottawa', 0, 1, 2.7961123)
GO
INSERT [dbo].[Bikes] ([BikeId], [AvailableFrom], [BikeModelId], [BikeState], [ColorId], [Created], [CreatedByUserId], [CurrentLocationLat], [CurrentLocationLng], [CurrentLocationName], [CurrentlyAvailable], [IsActive], [RateAverage]) VALUES (74, CAST(N'2018-07-05 10:20:59.9660127' AS DateTime2), 6, 0, N'000000', CAST(N'2018-07-23 23:27:59.9660127' AS DateTime2), N'd59a9292-24bd-4df7-9a06-256a03188740', 28.153783091415562, 125.11414733953501, N'Las Vegas', 1, 1, 1.82879031)
GO
INSERT [dbo].[Bikes] ([BikeId], [AvailableFrom], [BikeModelId], [BikeState], [ColorId], [Created], [CreatedByUserId], [CurrentLocationLat], [CurrentLocationLng], [CurrentLocationName], [CurrentlyAvailable], [IsActive], [RateAverage]) VALUES (75, CAST(N'2018-07-26 01:38:59.9760128' AS DateTime2), 4, 2, N'000000', CAST(N'2018-07-23 23:27:59.9760128' AS DateTime2), N'd59a9292-24bd-4df7-9a06-256a03188740', 83.609081215043119, -76.694679174895725, N'Lisbon', 0, 1, 0.9142349)
GO
INSERT [dbo].[Bikes] ([BikeId], [AvailableFrom], [BikeModelId], [BikeState], [ColorId], [Created], [CreatedByUserId], [CurrentLocationLat], [CurrentLocationLng], [CurrentLocationName], [CurrentlyAvailable], [IsActive], [RateAverage]) VALUES (76, CAST(N'2018-07-23 15:14:59.9860128' AS DateTime2), 8, 0, N'00FF00', CAST(N'2018-07-23 23:27:59.9860128' AS DateTime2), N'd59a9292-24bd-4df7-9a06-256a03188740', 18.381261410369191, 66.899965483183024, N'San Francisco', 1, 1, 4.3380065)
GO
INSERT [dbo].[Bikes] ([BikeId], [AvailableFrom], [BikeModelId], [BikeState], [ColorId], [Created], [CreatedByUserId], [CurrentLocationLat], [CurrentLocationLng], [CurrentLocationName], [CurrentlyAvailable], [IsActive], [RateAverage]) VALUES (77, CAST(N'2018-07-26 05:49:59.9960128' AS DateTime2), 6, 1, N'000000', CAST(N'2018-07-23 23:27:59.9960128' AS DateTime2), N'd59a9292-24bd-4df7-9a06-256a03188740', 15.427564981126949, 135.18415072708586, N'Delhi', 0, 1, 4.94372368)
GO
INSERT [dbo].[Bikes] ([BikeId], [AvailableFrom], [BikeModelId], [BikeState], [ColorId], [Created], [CreatedByUserId], [CurrentLocationLat], [CurrentLocationLng], [CurrentLocationName], [CurrentlyAvailable], [IsActive], [RateAverage]) VALUES (78, CAST(N'2018-06-25 13:07:00.0085128' AS DateTime2), 7, 0, N'00FF00', CAST(N'2018-07-23 23:28:00.0085128' AS DateTime2), N'd59a9292-24bd-4df7-9a06-256a03188740', 19.343673712268313, 134.610948411101, N'San Francisco', 1, 1, 3.06840944)
GO
INSERT [dbo].[Bikes] ([BikeId], [AvailableFrom], [BikeModelId], [BikeState], [ColorId], [Created], [CreatedByUserId], [CurrentLocationLat], [CurrentLocationLng], [CurrentLocationName], [CurrentlyAvailable], [IsActive], [RateAverage]) VALUES (79, CAST(N'2018-07-17 01:30:00.0235129' AS DateTime2), 3, 0, N'FFFFFF', CAST(N'2018-07-23 23:28:00.0235129' AS DateTime2), N'd59a9292-24bd-4df7-9a06-256a03188740', -13.21228295714235, 67.343569326840111, N'New York', 1, 1, 2.092105)
GO
INSERT [dbo].[Bikes] ([BikeId], [AvailableFrom], [BikeModelId], [BikeState], [ColorId], [Created], [CreatedByUserId], [CurrentLocationLat], [CurrentLocationLng], [CurrentLocationName], [CurrentlyAvailable], [IsActive], [RateAverage]) VALUES (80, CAST(N'2018-07-27 21:56:00.0435130' AS DateTime2), 2, 1, N'FF0000', CAST(N'2018-07-23 23:28:00.0435130' AS DateTime2), N'd59a9292-24bd-4df7-9a06-256a03188740', -72.00174290780059, 179.58207612837759, N'Houston', 0, 1, 3.83556581)
GO
INSERT [dbo].[Bikes] ([BikeId], [AvailableFrom], [BikeModelId], [BikeState], [ColorId], [Created], [CreatedByUserId], [CurrentLocationLat], [CurrentLocationLng], [CurrentLocationName], [CurrentlyAvailable], [IsActive], [RateAverage]) VALUES (81, CAST(N'2018-07-24 11:18:00.0535130' AS DateTime2), 6, 1, N'000000', CAST(N'2018-07-23 23:28:00.0535130' AS DateTime2), N'd59a9292-24bd-4df7-9a06-256a03188740', -7.6516143966706522, 40.943894898958462, N'Beijing', 0, 1, 0.475570232)
GO
INSERT [dbo].[Bikes] ([BikeId], [AvailableFrom], [BikeModelId], [BikeState], [ColorId], [Created], [CreatedByUserId], [CurrentLocationLat], [CurrentLocationLng], [CurrentLocationName], [CurrentlyAvailable], [IsActive], [RateAverage]) VALUES (82, CAST(N'2018-07-10 06:09:00.0635130' AS DateTime2), 6, 0, N'00FF00', CAST(N'2018-07-23 23:28:00.0635130' AS DateTime2), N'd59a9292-24bd-4df7-9a06-256a03188740', -16.600070021394671, -178.52420551633659, N'Rio', 1, 1, 3.00823355)
GO
INSERT [dbo].[Bikes] ([BikeId], [AvailableFrom], [BikeModelId], [BikeState], [ColorId], [Created], [CreatedByUserId], [CurrentLocationLat], [CurrentLocationLng], [CurrentLocationName], [CurrentlyAvailable], [IsActive], [RateAverage]) VALUES (83, CAST(N'2018-07-24 19:49:00.0835130' AS DateTime2), 8, 1, N'FFFFFF', CAST(N'2018-07-23 23:28:00.0835130' AS DateTime2), N'd59a9292-24bd-4df7-9a06-256a03188740', 17.262740017502907, 148.60494513465324, N'Delhi', 0, 1, 4.093853)
GO
INSERT [dbo].[Bikes] ([BikeId], [AvailableFrom], [BikeModelId], [BikeState], [ColorId], [Created], [CreatedByUserId], [CurrentLocationLat], [CurrentLocationLng], [CurrentLocationName], [CurrentlyAvailable], [IsActive], [RateAverage]) VALUES (84, CAST(N'2018-07-24 10:45:00.0935130' AS DateTime2), 3, 1, N'000000', CAST(N'2018-07-23 23:28:00.0935130' AS DateTime2), N'd59a9292-24bd-4df7-9a06-256a03188740', 20.207461021005855, -128.68955525974258, N'Lisbon', 0, 1, 0.032343518)
GO
INSERT [dbo].[Bikes] ([BikeId], [AvailableFrom], [BikeModelId], [BikeState], [ColorId], [Created], [CreatedByUserId], [CurrentLocationLat], [CurrentLocationLng], [CurrentLocationName], [CurrentlyAvailable], [IsActive], [RateAverage]) VALUES (85, CAST(N'2018-07-22 05:39:00.1035130' AS DateTime2), 9, 0, N'000000', CAST(N'2018-07-23 23:28:00.1035130' AS DateTime2), N'd59a9292-24bd-4df7-9a06-256a03188740', 31.391883530370833, 38.398409811034071, N'Gant', 1, 1, 2.81592)
GO
INSERT [dbo].[Bikes] ([BikeId], [AvailableFrom], [BikeModelId], [BikeState], [ColorId], [Created], [CreatedByUserId], [CurrentLocationLat], [CurrentLocationLng], [CurrentLocationName], [CurrentlyAvailable], [IsActive], [RateAverage]) VALUES (86, CAST(N'2018-07-27 06:04:00.1235131' AS DateTime2), 5, 2, N'00FF00', CAST(N'2018-07-23 23:28:00.1235131' AS DateTime2), N'd59a9292-24bd-4df7-9a06-256a03188740', 27.868775165578725, -30.000254460610563, N'Rio', 0, 1, 0.375774473)
GO
INSERT [dbo].[Bikes] ([BikeId], [AvailableFrom], [BikeModelId], [BikeState], [ColorId], [Created], [CreatedByUserId], [CurrentLocationLat], [CurrentLocationLng], [CurrentLocationName], [CurrentlyAvailable], [IsActive], [RateAverage]) VALUES (87, CAST(N'2018-07-09 17:12:00.1335131' AS DateTime2), 10, 0, N'FF0000', CAST(N'2018-07-23 23:28:00.1335131' AS DateTime2), N'd59a9292-24bd-4df7-9a06-256a03188740', 33.544696403455305, 58.560744132176382, N'Rome', 1, 1, 2.07881)
GO
INSERT [dbo].[Bikes] ([BikeId], [AvailableFrom], [BikeModelId], [BikeState], [ColorId], [Created], [CreatedByUserId], [CurrentLocationLat], [CurrentLocationLng], [CurrentLocationName], [CurrentlyAvailable], [IsActive], [RateAverage]) VALUES (88, CAST(N'2018-07-24 19:42:00.1435131' AS DateTime2), 3, 1, N'00FF00', CAST(N'2018-07-23 23:28:00.1435131' AS DateTime2), N'd59a9292-24bd-4df7-9a06-256a03188740', 6.509373810379472, 41.53124352057057, N'Houston', 0, 1, 4.18273449)
GO
INSERT [dbo].[Bikes] ([BikeId], [AvailableFrom], [BikeModelId], [BikeState], [ColorId], [Created], [CreatedByUserId], [CurrentLocationLat], [CurrentLocationLng], [CurrentLocationName], [CurrentlyAvailable], [IsActive], [RateAverage]) VALUES (89, CAST(N'2018-07-25 04:13:00.1635131' AS DateTime2), 9, 2, N'FFFFFF', CAST(N'2018-07-23 23:28:00.1635131' AS DateTime2), N'd59a9292-24bd-4df7-9a06-256a03188740', 79.625156014051839, 167.01250891527747, N'Los Angeles', 0, 1, 2.842176)
GO
INSERT [dbo].[Bikes] ([BikeId], [AvailableFrom], [BikeModelId], [BikeState], [ColorId], [Created], [CreatedByUserId], [CurrentLocationLat], [CurrentLocationLng], [CurrentLocationName], [CurrentlyAvailable], [IsActive], [RateAverage]) VALUES (90, CAST(N'2018-07-25 19:43:00.1735131' AS DateTime2), 10, 2, N'00FF00', CAST(N'2018-07-23 23:28:00.1735131' AS DateTime2), N'd59a9292-24bd-4df7-9a06-256a03188740', 6.3450543099758363, -149.25259702338491, N'Houston', 0, 1, 2.47788024)
GO
INSERT [dbo].[Bikes] ([BikeId], [AvailableFrom], [BikeModelId], [BikeState], [ColorId], [Created], [CreatedByUserId], [CurrentLocationLat], [CurrentLocationLng], [CurrentLocationName], [CurrentlyAvailable], [IsActive], [RateAverage]) VALUES (91, CAST(N'2018-07-28 18:11:00.1835132' AS DateTime2), 1, 1, N'0000FF', CAST(N'2018-07-23 23:28:00.1835132' AS DateTime2), N'd59a9292-24bd-4df7-9a06-256a03188740', 7.5453533220781566, 166.29294532644235, N'Houston', 0, 1, 4.60022)
GO
INSERT [dbo].[Bikes] ([BikeId], [AvailableFrom], [BikeModelId], [BikeState], [ColorId], [Created], [CreatedByUserId], [CurrentLocationLat], [CurrentLocationLng], [CurrentLocationName], [CurrentlyAvailable], [IsActive], [RateAverage]) VALUES (92, CAST(N'2018-07-26 03:52:00.2035132' AS DateTime2), 3, 1, N'FFFFFF', CAST(N'2018-07-23 23:28:00.2035132' AS DateTime2), N'd59a9292-24bd-4df7-9a06-256a03188740', -49.549210872291219, 62.764734776115375, N'Los Angeles', 0, 1, 2.50917935)
GO
INSERT [dbo].[Bikes] ([BikeId], [AvailableFrom], [BikeModelId], [BikeState], [ColorId], [Created], [CreatedByUserId], [CurrentLocationLat], [CurrentLocationLng], [CurrentLocationName], [CurrentlyAvailable], [IsActive], [RateAverage]) VALUES (93, CAST(N'2018-07-17 07:23:00.2135132' AS DateTime2), 8, 0, N'000000', CAST(N'2018-07-23 23:28:00.2135132' AS DateTime2), N'd59a9292-24bd-4df7-9a06-256a03188740', 87.104597025133955, 15.040495523736098, N'New York', 1, 1, 0.8737911)
GO
INSERT [dbo].[Bikes] ([BikeId], [AvailableFrom], [BikeModelId], [BikeState], [ColorId], [Created], [CreatedByUserId], [CurrentLocationLat], [CurrentLocationLng], [CurrentLocationName], [CurrentlyAvailable], [IsActive], [RateAverage]) VALUES (94, CAST(N'2018-07-17 00:42:00.2235132' AS DateTime2), 5, 0, N'0000FF', CAST(N'2018-07-23 23:28:00.2235132' AS DateTime2), N'd59a9292-24bd-4df7-9a06-256a03188740', 31.1284300876448, 13.151479751407862, N'Ottawa', 1, 1, 2.94311237)
GO
INSERT [dbo].[Bikes] ([BikeId], [AvailableFrom], [BikeModelId], [BikeState], [ColorId], [Created], [CreatedByUserId], [CurrentLocationLat], [CurrentLocationLng], [CurrentLocationName], [CurrentlyAvailable], [IsActive], [RateAverage]) VALUES (95, CAST(N'2018-07-26 20:05:00.2335132' AS DateTime2), 10, 1, N'FF0000', CAST(N'2018-07-23 23:28:00.2335132' AS DateTime2), N'd59a9292-24bd-4df7-9a06-256a03188740', -32.489155792858988, -12.561016079299634, N'Paris', 0, 1, 0.8359543)
GO
INSERT [dbo].[Bikes] ([BikeId], [AvailableFrom], [BikeModelId], [BikeState], [ColorId], [Created], [CreatedByUserId], [CurrentLocationLat], [CurrentLocationLng], [CurrentLocationName], [CurrentlyAvailable], [IsActive], [RateAverage]) VALUES (96, CAST(N'2018-07-11 17:51:00.2435132' AS DateTime2), 2, 0, N'FFFFFF', CAST(N'2018-07-23 23:28:00.2435132' AS DateTime2), N'd59a9292-24bd-4df7-9a06-256a03188740', 69.15800875013602, 132.05940655994203, N'Moscow', 1, 1, 0.57615906)
GO
INSERT [dbo].[Bikes] ([BikeId], [AvailableFrom], [BikeModelId], [BikeState], [ColorId], [Created], [CreatedByUserId], [CurrentLocationLat], [CurrentLocationLng], [CurrentLocationName], [CurrentlyAvailable], [IsActive], [RateAverage]) VALUES (97, CAST(N'2018-07-28 00:31:00.2635133' AS DateTime2), 1, 1, N'00FF00', CAST(N'2018-07-23 23:28:00.2635133' AS DateTime2), N'd59a9292-24bd-4df7-9a06-256a03188740', -66.917274909521112, 167.84316440478114, N'Vien', 0, 1, 1.92193735)
GO
INSERT [dbo].[Bikes] ([BikeId], [AvailableFrom], [BikeModelId], [BikeState], [ColorId], [Created], [CreatedByUserId], [CurrentLocationLat], [CurrentLocationLng], [CurrentLocationName], [CurrentlyAvailable], [IsActive], [RateAverage]) VALUES (98, CAST(N'2018-07-09 14:52:00.2735133' AS DateTime2), 3, 0, N'FF0000', CAST(N'2018-07-23 23:28:00.2735133' AS DateTime2), N'd59a9292-24bd-4df7-9a06-256a03188740', -74.569681102675233, 21.441672165618144, N'Brussels', 1, 1, 0.307538658)
GO
INSERT [dbo].[Bikes] ([BikeId], [AvailableFrom], [BikeModelId], [BikeState], [ColorId], [Created], [CreatedByUserId], [CurrentLocationLat], [CurrentLocationLng], [CurrentLocationName], [CurrentlyAvailable], [IsActive], [RateAverage]) VALUES (99, CAST(N'2018-06-24 15:35:00.2835133' AS DateTime2), 9, 0, N'00FF00', CAST(N'2018-07-23 23:28:00.2835133' AS DateTime2), N'd59a9292-24bd-4df7-9a06-256a03188740', 84.594372089297678, 137.74345187365242, N'Delhi', 1, 1, 0.644280255)
GO
INSERT [dbo].[Bikes] ([BikeId], [AvailableFrom], [BikeModelId], [BikeState], [ColorId], [Created], [CreatedByUserId], [CurrentLocationLat], [CurrentLocationLng], [CurrentLocationName], [CurrentlyAvailable], [IsActive], [RateAverage]) VALUES (100, CAST(N'2018-07-25 17:44:00.2935133' AS DateTime2), 1, 1, N'FFFFFF', CAST(N'2018-07-23 23:28:00.2935133' AS DateTime2), N'd59a9292-24bd-4df7-9a06-256a03188740', 45.274122746323314, 51.323327809257108, N'Dallas', 0, 1, 0.974109948)
GO
SET IDENTITY_INSERT [dbo].[Bikes] OFF
GO
